Ha,Terrific,@_Branny
Yu,Chilly,@_cherryy
Lol,Sheffield,@_faeriequeen
Lol,Setup,@_girlDom
@justinbieber,Yh,@_heyitsTerrelle
Lt,Sheffield,@_medicate
I'd,God's,@_MyLeNe_T
Gonna,Anime,@_SemperEadem
|,Iy,@_TheMuffinMan
Im,STORY,@_yungchung
Gt,Spurs,@2220_PESO
Education,Fringe,@5Raphaels
Lol,Uhh,@8xHPO
Michigan,Arbor,@a2snooze
M,Wes,@AarenLee
#worldcup,Safari,@aarghapanda
X,Lamp,@AbbieMolunaChim
Lunch,#masterchef,@AbFab40
Lol,Shud,@abid_patel
W,Input,@accordingtonina
Yay,Denver,@Ackron
Shoot,Peek,@Acti0nGirl
River,Trace,@adamKRVN
Gym,#tdl,@aDiBari517
Don,Leo,@ADloves
Lol,Kak,@ADorfling
Special,Terrific,@affiliatetips
Awesome,GaGa,@ahmed_a_nasir
Haha,Editing,@ailnaik
XD,NFL,@aka_Nero
Haha,Bilang,@akosiwayne
Lol,HW,@AlaBelle21
Awesome,Madden,@alexskjong
Btw,Thought,@alfaidz
Im,Foods,@AlisonnSilva
#ff,AZ,@aliya_leigh
Haha,Wes,@Alleycat17
Haha,@muffnman707,@AlmostmichaelSB
Im,HW,@amallison2
Lol,Pepsi,@AmbrrLou
Lol,Lou,@amekins
X,Bcuz,@anddaluana
Soccer,Severe,@andreadikken
Gw,Kuliah,@andressuliano
Amazing,Tracking,@Andrew_Vocke
#fb,Trace,@andycaster
Ah,Reality,@AndyLucia
Blog,#masterchef,@AndyRKett
Lt,HERE,@Ane_Tone
Probably,Mount,@anewmanwastaken
Via,Vegan,@angadc
Im,THERE,@angeldevil79
@justinbieber,Thx,@AnnePBieber
XD,STORY,@AnomaIous
Lol,Shits,@aprilanajm
Ga,@men_omen,@arifforanto
Listening,?,@arkorwan
Necklace,Continued,@artwark
Im,Yh,@ArunJoshi1
Absolutely,Shattered,@Ashleighh10_
Test,Smooth,@ashley_webber
Gonna,Bummed,@ashleyguidry
Haha,Jewish,@ashleyjanosco
Lt,#tdl,@AsShire
Audio,Anime,@ASTROGaming
Season,STORY,@atgthatsme
LOL,Bangun,@atiqahabdat
Kids,Jewish,@AureliaCotta
Im,Pas,@auster82194
Lol,Wud,@AuthentiKHarley
Relationship,Jewish,@avamoney
#fb,Yh,@avarymackHTC
15,For,@AWLFalcons
Gue,Kuliah,@Baaiimm
Shit,Continued,@BabyBlak
Lol,#mobsterworld,@babytata
Peeps,Arbor,@balmeras
Pm,Terrific,@BarbaraCongress
Older,Continued,@BarbaraJaworski
Haha,Pas,@beaurie
Sex,Boobs,@BeauToxic
Xx,Iy,@beckyilovedappy
X,Continued,@BeckySefton
Shit,Perfect,@beenromped
Lol,STORY,@BeeTaTaArtino
Wedding,Wud,@beeverycareful1
Lol,GaGa,@BeezyYung
Okay,STORY,@BellaMarieeC
Woman,Pas,@BennyDbunz
Haha,Elu,@berkahmelati
SMILE,Terrific,@berly6412
#tcot,#sgp,@bernastar
He's,Wud,@berniequinn
Finish,Offered,@bestplacebets
De,Bcuz,@bethanybhorne
Al,Filming,@BetsyBeanie
Obama,Authority,@BettinaMorton
Haha,Bcuz,@bieberaffaire
Lol,Begining,@BieberFeva_4Lyf
Ur,Bcuz,@BigThinkerJon
Lol,GaGa,@bitofmomsense
Racing,@superterrific,@BklynBckstretch
#nowplaying,Nas,@BlackAesthetic
L,Ridiculously,@BlackHeartWhore
Heading,Spamming,@bluboy137
Yr,Aus,@bluecollardaugh
Im,Jewish,@bluejayhotti
Tattoo,Filming,@bodymarkedupnyc
Ve,Fringe,@bookflood
Yu,Bastards,@BossDonFdot
Dont,Maj,@bradleyc27
#fb,Trace,@brainflurry
Facebook,AZ,@Brake_Masters
Eu,HERE,@brfaycakes
W,Maj,@bridgetmschultz
Im,AZ,@BrittanyKeller
Im,Chili,@BrittnieRheayn
Celtics,Ck,@brnoel0906
Ich,Denver,@BruderThomas
Haha,HW,@bryceglarsen
Cole,Uploading,@BTCCCrazyLive
Ur,Slut,@BusterMonkeyz
Gue,Elu,@bylbaila
IPhone,Disc,@capricorn_one
Lol,Wht,@Caramel8
Lol,#tdl,@caramelluva
Beer,Aus,@carln26
Human,Carl,@carmenheflin
Lol,Begining,@carolann_cox
Que,Trace,@carolsecaf
Lol,Tracking,@Cass_Curtis
R,Carbon,@castawayy
Lol,Même,@CatFilip
Lt,@derekintorre,@CattyJacques
Lol,Sheffield,@ccfcfan
C,Shud,@CeeceeEm
Dog,STORY,@ceotty
Power,Input,@charlesmking
Boston,Bcuz,@chazferrari
London,Brit,@Chelpaaaaa
Q,Awwwww,@ChelseaDOLL
Ga,Iy,@ChiaLiciouss
Hehehe,Forex,@chikadiana
LOL,@cyndiluvsgod,@Chriscarroll50
Bloody,Cloud,@chrisRichards85
Lt,HW,@ChrissyCakesss
Folks,#ifps2s,@circlesoffire
Lol,80's,@CityBoiAse
X,Fringe,@citygrlstyle
Obama,GaGa,@civisliberum
Ur,NFL,@ck82
Haha,Governor,@claiireyberry
#worldcup,Governor,@ClaireRConnelly
Haha,Vegan,@clarajchan
Writing,Setup,@claudiagray
X,Shattered,@climaxtackle
College,Madden,@CoachWiegs
Haha,Kissed,@codysimpbands
#nowplaying,Emang,@coecoes
Shut,Shud,@connie_1216
Congrats,Cos,@Cookieclown33
Sushi,Arbor,@cookingideas
Lt,Shud,@CraigWFSmith
X,Shud,@craziieeee
Cricket,ANI,@cricket_score
LOL,Nas,@Crystalgate
N,Makin,@cscw04
Stock,Carl,@CSTACTICAL
Lol,Wht,@Cubez973
Lt,Jennifer,@Cupcaitxzombies
Lol,Bcuz,@cuteyeyez
American,Geology,@cybravatar
Drunk,Spurs,@dabnorfish
Wife,Severe,@Daelda
Lol,Madden,@damien23
Ahhh,Eddie,@dani_star
Sam,#masterchef,@danielmeers
XD,Angeles,@danielsophianos
Lol,Nas,@daninreality
Lol,Maj,@DanThomasUK
Gt,Governor,@DaSaintFan
Lol,Nas,@dat301gherl
Lol,#teamfollowback,@datgentquint
Wats,Begining,@dbanner242
W,HW,@dbesabella
Im,Las,@DBrownDontStop
He's,Governor,@De_Law
Taxes,Continued,@deadvoter
Social,Input,@deb_lavoy
XP,Iy,@dephchii
Beach,36,@DEPVacations
Im,Brit,@Dermidy
Area,Crisis,@destinfmwr
LOL,Filming,@DestinySache
Lt,Bcuz,@DevaniLaRose
Fucking,Anime,@DevIsntPhil
LOVE,Uhh,@DEWsMARSHmallow
Haha,GaGa,@dillonong
360,Nas,@DinoJeebus
Public,Geology,@dissembly
Gt,Yh,@DizDanglez
Chillin,Leo,@DJCNYL
Ur,UR,@djdcinfamous
Bar,Forget,@djneiljbham
Figure,Hah,@DjSatansfury
XD,Carbon,@djtj222
X,@gowercottage,@docbecdotcom
Lol,Wud,@DocTricey
Lt,Collins,@dollz87
Shit,Arbor,@DontBeASkeptik
Thanx,Begining,@DoubleSixx
Lol,Madden,@Dukejeter
Xbox,Fringe,@DustoMan
Lol,Denver,@dvsgenius
Photo,Terrific,@dyan_x
Obama,#sgp,@earthtomel1
Mile,http://tinyurl.com/39xaeza,@EastsideHill
Www,Pills,@EastWingEnt
Lol,#teamfollowback,@EBrigante
Indeed,#masterchef,@ed_moose
Lol,STORY,@Ed_Rivers
#worldcup,Begining,@eddieishere
Lol,Aus,@effielasek
Lol,Geology,@EhhHeeCaa_x
Gym,Dutch,@elenafdz
#worldcup,'The,@EllaKremper
Lol,Vegan,@ElMundio87
Action,Vision,@emelie416
Im,Aus,@emiliee_xD
Justin,Pepsi,@emilyrister
Japan,Input,@enfu
Www,Maj,@EricDoot
Im,Chemistry,@erinmcgreevey
Soo,Begining,@Erintess
Lol,Carl,@ETMonkeyFinger
Wine,AZ,@evandawson
Da,#teamfollowback,@Every1_HatesHop
Ride,Sheffield,@Extremedonny
Dave,United,@eyepatchstory
Lt,Wud,@FabtasticMiley
Lol,Necessarily,@FairazAhmed
Haha,Pas,@fancy93pants
Season,Madden,@Fantasy_NHL
El,Chip,@farisalw
Workin,Trace,@Farva82
Business,Governor,@FastCashSystem1
_,Lamp,@fellfromatree
Lt,@smmithyyy,@filce
Kids,NFL,@fitcityindy
Fixed,Kuliah,@fixie_bot
Fucking,GaGa,@flyhighracci
Australia,#masterchef,@flyingperonis
Event,Sheffield,@FMCoach
Lt,Shattered,@fola_jonas
Haha,STORY,@ForeverAlways13
#worldcup,Madden,@FrancoPanizo
Store,Mount,@FrankDiniCo
Ich,Brit,@frantastique
Fucking,Collins,@frednut
Im,Carbon,@frootytoon
Fuck,#masterchef,@fuck_maturity
K,Safely,@fuckyeahasian
Que,Nas,@gabrielagmoura
Bike,Shattered,@garnicholson
Lol,GodRawksThe77,@GarrettMarchant
_,Falls,@gau4ever
Storm,Loser,@gauldilocks
Blog,Documentary,@GayboyMemoirs
Lol,Spurs,@GenevaFlowers
Faith,Accept,@GENZheartsDBSK
W,Sheep,@georgeomyers
Lol,Begining,@glamazon_barbie
Radio,#masterchef,@glen2005
Launch,Forex,@go_makemoney
India,Jewish,@goldenarcher
#tcot,#sgp,@GovKaineBrow
Gt,@gowercottage,@gowercottage
0,Danny,@gpmarkley
Fucking,Shits,@GraceTheObscure
Lol,Shud,@Grandhustle1046
#fb,Sheffield,@graphiclunarkid
Lol,#ocra,@gregzimmerman
Im,Spamming,@grimeylee
XD,Aus,@GummibearPizza
Lt,Trace,@guns_not_roses
Gue,#infolimit,@hahaany
Lt,Quit,@haleeeeyjane
Yep,#masterchef,@hallrm
Fight,AZ,@hamishknox
Goal,Bummed,@hanalizabeth
Q,Uhh,@hannahmeatsix
Haha,Eddie,@HannahWalnut16
Adams,Aus,@hantscricket
Blog,#mobsterworld,@HappyMouffetard
Lol,Awwwww,@hardin_james
Harry,Bcuz,@harryrichards
Im,Bcuz,@havingtwinsnow
Via,Brit,@hayley842
Lol,Scoring,@heelsoverhead25
Lt,Collins,@helloebony
Gw,Kuliah,@herdiono
Im,Wud,@Heymynameisphil
Ga,Elu,@heyvira
Ga,#infolimit,@hgeeCYRILIERS
N,Lime,@HIM_AGAIN
XD,@smmithyyy,@hollyalyxfinch
Holly,Vegan,@hollysmommie
Gt,Celebrating,@hotsexypants
Lol,Madden,@HueyMack
Gua,Elu,@hugosaptosadewo
Kids,#masterchef,@i9950
Lt,Lou,@iamchloehughes
Lol,@mdote,@iamjuvee
Gay,Madden,@iber_
Haha,Maj,@iheartleeteuk
Haha,Someday,@iloveheechul10
Gt,Wud,@ILuvJustinB93
Lol,#masterchef,@IlyPink01
11,THERE,@im_ERLIANAAA
Lol,#tdl,@Imaginarydiva86
Tax,Purchased,@infotaxsquare
Thx,#sgp,@inhuggermugger
Tweeps,Nas,@insatiable_fix
IPad,Spamming,@ipadappbuzz
Haha,@supermelzz,@ipungalak
Yg,Aje,@IrwanFahmiid
Lol,Ck,@isabellejanexo
Lt,STORY,@itsbabyANNA
Mate,Spurs,@Jack_Wheeler
Lol,Bcuz,@JaicynTM
Gonna,Madden,@jakrr
Lol,Yh,@jamesrwhite
Lt,Anime,@JamieJayLamb
Im,Yh,@jammerbbk
Hehehe,Nya,@jarryd_RN
Lol,#tdl,@JasCherise
Lt,Smooth,@jasmine199
Lt,Nothin,@Jason3460
De,Bush,@jasonecohen
Ik,Anime,@JaveMeann
Till,Governor,@Jayneeee2
Jay,Bummed,@JaySkyMsgv2
Lmao,Wht,@JDBLivesonEarth
W,Tracking,@jeelene
Im,Leo,@jena5115
X,Shattered,@JenLauraDV
Haha,Las,@JennaBethBowen
Team,Ck,@JeremyBouche_Eh
St,@kieks77,@JerseyBred323
X,Yh,@jessiicajones
0,Denver,@jeuelc
Energy,Maj,@jhoysradt
India,Offered,@jibinmadathil
Kids,Sheffield,@jimipike11
Vote,Smashed,@Jimmy_Sniper
Men,Event,@jmpal32
Cause,Chilly,@jobrotherslove
Posted,COED,@joellakris
Lt,Bcuz,@joeypastasauce
IPhone,HW,@jordanmerrick
Gt,Wes,@Joschy_Eien
W,Nas,@joshuadstrange
Gt,#masterchef,@joshuamck
Running,Nas,@journeyingjames
Awesome,Angeles,@jrichardson76
Lol,GaGa,@JRtheThird
Via,Arbor,@julesrivera
Yg,Mereka,@juliantodj
Rock,Week's,@julieaspland
Beach,Wrong,@juliekaewest
_,@jaeleiqh,@justinax0
|,STORY,@JustMaddy_
Vegas,God's,@JustRyan
@ihatequotes,#tdl,@juvyanna
Disney,Terrific,@jvleuzzi
Haha,Sheffield,@jwhollis
SO,Arbor,@jyost1
#ihatequotes,Salon,@kaeelly
Im,Kissed,@Kaittimothy122
Lt,Anyways,@KarenGrrawr
Ha,@dpburland,@karlabry
Lt,Input,@katealexinglis
Dear,Brit,@KateChristopher
Sunday,AZ,@katie4rockstar
Boston,Denver,@katieschultz08
London,Lamp,@KatrinaTweets
#fb,Input,@kawehdashti
Awesome,Spurs,@kayru
Im,@cathroxx,@Kendylahlah
Lt,Geology,@KieranD
Im,#tdl,@kierram
Omg,Chili,@kimchong
Xxx,Fringe,@kirstaaayDORI
Text,HW,@KissableKimmy
London,Collins,@kmstahl
Bike,Spurs,@Koifla
Mixtape,Magic,@Kyle1Carter
M,Pas,@kymmiCEElive
Im,Lamp,@L_The_Panda
Games,Maj,@L0ne_sl
Lol,@nicko236,@LadyLyeLah
Q,KNOW,@LaMan318
',Begining,@laraaaaax
Lt,Uhh,@lauren_mullaly
Class,Denver,@LaurieMichelleR
0,Wes,@Laxplays
Kid,NFL,@lazymamadesigns
Nd,HW,@lbalbio
Lt,Begining,@Leeannegeddon
L,STORY,@LesNoodelos
Haha,@loddlaen,@Lewiiiii
Lol,Shud,@Lexx82
Via,#tdl,@LeyMarieCel
Photo,Wht,@ligelheigl
Im,Yh,@lil_dude_94
Lt,Anime,@LinaWicked
Road,Gardens,@LIRRDeals4u
Busy,Cos,@Lisa_McFarlane
Haha,Trace,@lishakate
Haha,Assignment,@listen2lauren
Hahaha,Wes,@litford
Haha,Fringe,@littleladylove
List,Universe,@livelifefull64
Haha,Anime,@lizrawr
Gt,Carbon,@Llanos24
Lol,Denver,@loansome_pine
Kid,AZ,@lolaaugustine
X,Fringe,@london_bride
Lt,?,@LOOKlatlPLA
R,Brick,@LoveApit
Lol,#tdl,@LOVEdanig
Bus,Maj,@lstierney
Lol,Brit,@lupiilu
Haha,Shud,@lurvmariel
W,Shud,@luvmuhlife
Dude,STORY,@LXESTRADA
#nowplaying,Angeles,@mad_fan
Lol,#tdl,@MaDaMe_BELTIFI
Xbox,Anime,@madnizz
Lol,NFL,@magnj
Photo,Severe,@MaineBirder
#quote,#teamfollowback,@MaMaMichellina
100,Bcuz,@mar_clinton
Lol,Terrific,@MarathonMissfit
Race,Carbon,@MarianneJ48
US,Riding,@MarkMardell
Hi,Dean,@Marksmoment
Students,Governor,@MarlowCF
Dancing,Madden,@marry_be
Lol,Ck,@marsirap
N,Setup,@matt_keenan
Driving,ZoomSafer,@matthewjhoward
Im,Wes,@Mattylockhart
Medical,NFL,@MedicalConnect
Human,Fill,@meditatinggods
Dog,Documentary,@MediumEmma
Q,Fringe,@megan5PENCE
Cont,Aje,@meirina_y
R,Chilly,@MeL0150
Podcast,Lamp,@Melmothulhu
Lol,Arbor,@melodicbabble
#fb,Scoring,@mentalacrobatic
Others,Begining,@merimaat
W,Vegan,@MerrittPR
Crack,Sort,@merveQueen
',Madden,@micayla
|,Carbon,@michaelmurphy
Im,Mount,@michaelpaschal
C'mon,GaGa,@MichaelTrebony
Ur,Madden,@Michelle365
Hi,Shud,@mightymahi
Gt,Spurs,@Mike_Ode
THE,Terrific,@MikeHasTweets
Cont,Maj,@MikeInns
#worldcup,Selamat,@MikeRWField
Lol,UR,@mikey_MMA
Cant,Men's,@Mikkaa
Lol,Bbm,@MiSSGeTTnMOnEY
X,Purchased,@MissJenGrieves
Lt,Slut,@MiSSRYD3R
Kid,#ocra,@MissShuganah
Seriously,Kennedy,@missusblack
He's,Wes,@MisterLucky13
Ha,HW,@MisterMyndGamez
Lol,Maj,@misty_mgk
Baseball,Scoring,@mixonau
Gt,Sheffield,@MiZ_MaRkS
Ist,Carbon,@MKausA83
LOL,#ocra,@mmGood1200
IPhone,HW,@mobiledivide
Coupon,Pepsi,@Mommysavers
Irish,Madden,@monaghanpenguin
Shared,Input,@mrlacey
@justinbieber,Aus,@mrsefronbieber
Shit,#tdl,@MrSmith120
Lol,Chilly,@ms_rydoll
Ur,Drake,@MsSimplyFlyy
Lol,Wht,@Mulatto_AsianQT
Kids,Poor,@murphlefevre
Congrats,Bcuz,@MurphyEmmett
Lol,Mount,@MushiPanda
Http,Carbon,@musicgarnett
Excited,Uhh,@musicsarah2005
Lol,Spurs,@musiq35
Online,Forex,@My_Forex_Empire
Lol,#teamfollowback,@MyHottAsh
Wedding,Arbor,@mystclair
Im,Kissed,@mzfancyfly
Lol,Bcuz,@MzYummyDread
Gue,Kuliah,@naaabilla
Gua,@heycipa,@najanindya
Ha,STORY,@nakulshenoy
Hahaha,Kenal,@nanisalleh
LOL,Arbor,@Natdabrat_1
Lol,Vegan,@neerite
Radio,Sheffield,@neilgrayson
W,Aus,@nellleo
Lol,@johnny2432,@nelly061
Haha,Trace,@neverlou
Im,Purchased,@nfremd
Gt,HW,@nicalorena
Ga,Iy,@nicholasjulian
Awesome,Uhh,@nico117
Lt,Lime,@NICOLEADD
London,Terrific,@NielsINT
Lol,Madden,@nikkilb0918
Lol,Brit,@nixabix
Ha,Shud,@nkosy_ferosh
Tour,Carl,@NobueIto
Pat,Terrific,@nonnatrish
Lt,Maj,@NYKEBA
Office,Setup,@obasigeorge
Bike,HW,@obobME
Gt,Nya,@ohitsyoojee
Lt,Spamming,@OhMyJoshX
Gt,AZ,@onetakedizzle
Via,Sheffield,@onewhoharms
Haha,@morgziie,@onglauren
X,Filming,@OnlyLittleLori
Site,Angeles,@oxfordbands
Group,Chili,@PAHJr
0,Aus,@paqmanband
California,Angeles,@pasadenaterrib
Lt,@sshrpe,@patently
Via,Trace,@patrickdebois
Husband,AZ,@pattianne70
Ya,Begining,@Paul__Duggan
K,#tdl,@PedroC88
Lol,Shud,@PENETRATEMYMIND
Rihanna,Cure,@petallagata
Oil,Returns,@peteraplumeri
@foursquare,Pepsi,@pgdorgan
Lol,Carl,@PhiBetaSinger
Lol,Arbor,@phigerian
Anymore,Cloud,@pil4eva
YouTube,Setup,@PiratingPete
Haha,Shud,@pishipotty
History,ANI,@POBOX_TheBronx
Positive,HW,@PositiveAchieve
Story,Household,@Postadvertiser
Medical,Nightmares,@pozmanicus
Lt,Vegan,@Pr1me
XD,@cookiesarefood,@prime102805
Gt,Madden,@PrinceMase91
LOL,Uhh,@ProducerJHall
Im,Begining,@Profitina
Lt,Shits,@psjennaaax
#ff,Setup,@psunate77
Lt,OVER,@PurpleBieber08
Lol,Nas,@purplepleather
Ur,Clients,@QUEEN_DFLO
Via,Terrific,@questnevythng
Lt,Slut,@quietriot_girl
Sky,Aus,@R0B_TURNER
X,#teamfollowback,@RachaelavSmith
#fb,Lamp,@Racing2Day
Gue,#infolimit,@raishafitra
President,Wht,@rangerOGA
Cross,Trace,@Real_Ian_Beale
Cannot,Kemana,@redragon
W,AZ,@redshoegirl
York,Wes,@reese23
Lol,STORY,@ReggaeSophie
Guardian,BiologyCentric,@Regoog_dotcom
Haha,Anime,@ReihhFujiwara
IPhone,GaGa,@RelevantNewsNow
Heading,AZ,@ReneeTrzaska
Lol,Begining,@Renegad3100
Haha,Cos,@Reshveena
Sis,Angeles,@RevGoodlove
Meeting,Input,@revhesk
Followers,#sgp,@RexandCarolyn
Snow,#masterchef,@rgs011
Grin,@moirarogersbree,@RhianCahill
Lol,Terrific,@RichieDavis
0,Liberty,@rickspies
Lt,Trace,@riiaaa25
#worldcup,Awwwww,@riverscollide
Vegas,Iy,@Robin_Leach
Thinks,AZ,@RobMays
Lt,Lou,@rockwitlili
Lol,HW,@RockyDee
Fucking,STORY,@rodneycupp
Lol,Lamp,@Rokincow
X,Gardens,@rollergirl007
Shall,Lamp,@ronineal
V,Sheffield,@ros_clarke
Arms,Hrs,@roxie19883
Cross,When,@ruforeeeal
Cafe,Gardens,@SaintStephensBS
Gt,Nas,@Salmaaaaaaaaaan
Lt,Na,@samm088
Ur,Begining,@sanjaykmenon
Y'all,Trace,@saraflatt
Ride,Wes,@saraherron
Nap,Agenda,@sarahhall1218
X,@gemmaz_,@SarahIsaacs
Cont,@rarasih,@sarimotty
Dat,Yh,@SaronBreezyBabe
Lol,Leo,@Sasha_89
Lt,Bummed,@savingcourtney
Lol,Uhh,@SCiipSCiiPiiO
Success,Universe,@scotsabroad121
Pics,Anime,@sdugas
Movie,Setup,@severanced
Selena,Copies,@SGLATeam
Lt,Madden,@sh1vani
N,Uhh,@shaed41229
Main,Accept,@shammichaudhari
Lol,Ck,@shaun2013
Lol,AZ,@ShayOlivarria
Angeles,Lou,@sherancares
El,Terrific,@SherifSharkawy
Beautiful,Depressing,@sherritabor
11,Forget,@shetalkswetype
Haha,Spamming,@shhhnayyy
Light,Necessarily,@ShipsofSong
TV,Event,@ShNazimSaltanat
BUY,Forex,@ShoppingGuide81
Lol,Vegan,@Shore250
Abt,Fringe,@shwetagk
Lol,#tdl,@signedmissyoung
Fantastic,Haiti,@SilkRoadCar
LOVE,Brit,@silver_michael
Simon,Begining,@SimonVigarfan32
Gt,@kikks_xx,@Simply_Frani
N,#tdl,@sixthbane
Lol,#tdl,@sjfabulous11
Obama,Tracking,@smartiecat
College,@smmithyyy,@smokingpig17
LOL,Arbor,@songstressSL
Lol,#teamfollowback,@sop497
Lt,Shud,@soshizzzle
Lol,Yh,@sosolidsir
Deals,Terrific,@sound_deals
THE,Anime,@spankers
Eating,Tournament,@Spitfirekel
|,Forex,@SportingDude
Business,Electric,@sportspsycho
_,Elu,@sshintaa
Green,Arbor,@sslopes
Lol,@adboone1990,@stephani2004
F1,Maj,@stephfarnsworth
Heading,Wes,@StevenBrooks44
Oklahoma,Carbon,@StevenDHill4102
W,STORY,@stevenguymcdade
#ff,Spurs,@StevieGrules
Social,Pas,@stlsmr
#tcot,#ocra,@STOPOBAMA2012
LOL,Ck,@StudentOfStyle
Lol,Sheffield,@stuthedj
Gonna,Begining,@stvhernandez
Lol,Bilang,@sundayblossoms
Book,Sucked,@sunobsulod
Beautiful,Vegan,@superfoxcait
TV,Sharing,@supermueller39
Child,Assignment,@SweetieBerry
Ur,Danny,@sweetpeasimluv
Quot,Sheffield,@sxswtweet
Luv,Screwed,@T9A14Z17
Mi,Geology,@tami2fab
Awesome,Safely,@TammyYIP
Lt,GaGa,@tanashar
Yg,Iy,@taniadwy
Lt,Yh,@TasteMyToffee
Haha,Slut,@Taylaa__xx
0,36,@TCADW
Lol,Yh,@Tclevelz
Haha,Continued,@TCMooney
UK,Forex,@tcooper4653
IPhone,Maj,@TechniqueNews24
Episode,Anime,@Tekdiff
Lol,Dean,@TerranceEugene
St,Shattered,@tgamble71
Lol,Anime,@Th3PinkRabbit
Lol,#tdl,@THAT_BIHH
Bands,For,@thBreakingPoint
Im,Spurs,@THE_Exquisite22
Mexico,Hooked,@The_Miggs
XD,Fringe,@TheBeanMachine1
We're,Ck,@TheBiatches
Shit,Jewish,@TheCoOp420
Business,Input,@thedesigner4you
Add,Returns,@thedoc1461
#eurovision,Carbon,@theealex
Lol,#tdl,@theerkj
Adam,Governor,@thefilmqueen
Tony,Tracking,@thepagepounder
Um,Lou,@thepanda
Probably,Rocket,@theworldawakes
Income,Forex,@Thomas_Lyndt
Google,Scoring,@ThomHetheringto
De,Même,@tiboll
W,Input,@tiffanycraven
W,#teched,@TiffanyWI
Cant,Mount,@timgraham10
Updated,Lou,@tinalovell
Hahaha,GaGa,@toinetteuy
#ff,Wes,@tonnet
Bike,Disc,@tonyafit
Porn,Begining,@TonyComstock
Lt,Block,@Top_F_Light
W,Denver,@tourfrederickmd
Lol,Shattered,@tousledkitten
Lt,Uhh,@Train2Freedom
Lol,Spurs,@travoloso
Dont,Cos,@Troyb333
Lol,Wud,@TruE11
YouTube,Jewish,@truthsintheword
X,Spamming,@tweetyloop
HAHA,Anime,@twittlight
Een,Tracking,@TypeMafia
#fb,Aus,@TysonHphoto
Via,Input,@uberblond
Xxx,Carl,@ukanthonyjones
Yg,Mereka,@UmarHapsoro
#p2,#ocra,@Uncucumbered
Human,Perfect,@universalloaz
Dear,Wes,@upschuck
Film,Nas,@veraciously
2010,Men's,@verden
LOL,Uhh,@Vicious_Z
N,Shattered,@vicky_ego
Gue,#infolimit,@vioyoyo
E,Brit,@voutecomerde4
|,For,@wandacarter
Lol,Begining,@wayjay83
Im,Mount,@Wayland_Wench
N,Eddie,@WayneKerrSays
Bathroom,Copies,@WebairMike
Haha,Sheffield,@WeBelongToCyrus
XD,@rantsbyrichard,@weecoco
Im,Yh,@wegettinmcmoney
Pat,Ck,@WellardFan
LOL,Shattered,@WendiDarlin
Marriage,ANI,@wendyrawley
Nd,Uhh,@Wensday_Sanders
_,Smooth,@Wildbloodward
Oil,Spurs,@willowsky
Lol,Bcuz,@WILLP0WER5
Haha,Ftw,@winter_tears
Im,Tattoo,@WisegirlChris
Ik,Liberty,@wolkenkrabber
#quote,AZ,@WritersQuotes
Gw,Elu,@x_fei
Lol,@x0x0kelseyy,@x0x0Haley
Played,STORY,@Xander_P
Played,HW,@Xial
X,Wud,@xKylieBabiex
Lt,Worthy,@xMikaelaMorganx
Lt,Pas,@xowoahhitskatie
Lol,Madden,@XtianHawk
Haha,Bummed,@yekohs
Lol,@_cm_melody_,@YK12
Japan,EVER,@yuki_0323
Via,@edbrenner,@zeebe
Im,HW,@zeeLuvxyz
#worldcup,#teamfollowback,@ZhenZhen09
