user_id,screen_name
1,__Sthefany
2,_Abby_snail_
3,_Amaaanda_
4,_annubis_
5,_beatrizld
6,_Branny
7,_Caoimhe
8,_cherryy
9,_chrissy_clark_
10,_CLAIRExo
11,_delux
12,_emo_angel_74
13,_Faabiano
14,_faeriequeen
15,_Flamebird__
16,_GeekNews_
17,_girlDom
18,_glitter_girl
19,_heyitsTerrelle
20,_inkworm
21,_InspIron_
22,_Karen
23,_likeascream
24,_maggiemay
25,_MCgera
26,_medicate
27,_Mileyholic_
28,_MyLeNe_T
29,_nynnaa_
30,_Paranormal_
31,_parti
32,_reinbold
33,_RoiSin_M
34,_rsan
35,_SemperEadem
36,_stopwhispering
37,_sweet_kitten_
38,_TheMuffinMan
39,_TopNotchDiiva_
40,_TwistedDog_
41,_xOhYouDarling
42,_yungchung
43,001PPUA
44,0ph3lia
45,1234insurance
46,13sica22ukiss
47,17_bellagomes
48,1MonthFacelift
49,1RealDiamond
50,2_asian_girls
51,2220_PESO
52,247AdultStars
53,24Shopaholic
54,2ChristieAnders
55,2DegreesMktg
56,2digs
57,2Nice007
58,2PM_facts
59,2PM_Medan
60,2pretty4yu
61,2qt2bBrad
62,3_DOLLS
63,30frames
64,3aBBaDy
65,3dZip
66,4_breastcancer
67,44120tak
68,4castnate
69,4rlenemartinez
70,4tube
71,4utoday
72,4xtrading1
73,5dollardinners
74,5Raphaels
75,69sree
76,6seeks9
77,706520
78,7Lowe
79,7SpringsWine
80,8investor
81,8TrackMind
82,8xHPO
83,939kxos
84,943CKSY
85,97stevie
86,9to5mac
87,A_2_the_Lex
88,A_C_Thompson
89,a_okafor007
90,a2snooze
91,A7XLover22
92,aaalm
93,aaifoon
94,AakankshaJoshi
95,aaqibhh
96,AarenLee
97,aarghapanda
98,AaronKane
99,aazhblogg
100,abaesel2
101,AbbieMolunaChim
102,AbbyRhode6770
103,abc7chicago
104,abcddesigns
105,abdilahasis
106,abdulmuadz
107,Abedalmohimen
108,abeshura
109,AbFab40
110,abid_patel
111,abidifactor
112,aBIGstatement
113,abiichen
114,AbilityRevealer
115,abinashpatnaik
116,abinesh
117,abiolatv
118,AboutYouDesigns
119,abUSEme666
120,acann7
121,accessvip
122,accordingtonina
123,acevanzie
124,Ackron
125,acnecurecenter
126,Acti0nGirl
127,activistgirl
128,ACureForCarlie
129,Adam_Dutton
130,adambmetal
131,adambutlerTV
132,adamKRVN
133,adamyoung71
134,adatewithiris
135,addicted2sitcom
136,addinawitsqa
137,adeantiprasti
138,AdelanteArts
139,AdeleHancock
140,adelicious
141,AdelinePhing
142,adepitri
143,adhirgantoro
144,aDiBari517
145,adil320
146,adilaaamyt
147,adindaxton
148,adistantshadow
149,aditiasyamputra
150,AdityaPujaR
151,adjaniv
152,ADloves
153,ADorfling
154,adotadit
155,adri_hardcore
156,adriana_suzanne
157,adrianmascenon
158,AdriannyChi
159,advocate1979
160,adwincome
161,Adwords_Traffic
162,adzel
163,aenglish09
164,aeranua
165,AeronautGreg
166,afbrat1
167,AffiliateOffice
168,affiliatetips
169,afiqahshahbirin
170,AG_Beatz
171,agatharenny
172,agencynovember1
173,Agnesyya
174,Agrippa93
175,ahmed_a_nasir
176,ahmedshifan
177,aht4005
178,AHugFromJoeJ
179,ahyao
180,AidiNoble
181,aiiuntari
182,aiiuueoo
183,Aijuswanadance
184,ailnaik
185,aineena
186,ainsleymcc
187,aishaese
188,aishiheartsubb
189,Aislinnye24
190,aisyaj
191,aj21
192,ajdimeo
193,AJM_Roos
194,ajoohoo
195,Ak47dubula
196,aka_Nero
197,akaBtje100
198,akosiwayne
199,akshav
200,akshay_kothari
201,akshaypoolla
202,AlaBelle21
203,alanharned
204,alanis_nanixh08
205,AlanJham
206,alanoh_uk
207,AlaricSng
208,AlbanyMommy
209,AlbertMaruggi
210,alcalonzo
211,aldisal
212,alditonk2
213,AlejoSun
214,AlessandraAna
215,alex_reider
216,alexalover
217,Alexandraa173
218,alexeitd
219,alexfoster
220,AlexNeufeldt
221,alexricand
222,alexskjong
223,ALEXUS_FERRARI
224,alexwilson12
225,alfaidz
226,alfanmeiputra
227,alfianhidayat
228,AlfyRimaltullah
229,aliakbar123
230,aliarachma22
231,AliBeeSafe
232,alibuterfli
233,alicee_
234,alicee1303
235,aliciakan
236,aliciawuzhere
237,Alinish
238,alishaprilia
239,AlisonnSilva
240,AlisynGayle
241,alitalitha
242,alittse
243,alixFTW
244,aliya_leigh
245,All4win
246,Alla_Aoki
247,alladream_jg
248,allanschoenberg
249,Alleycat17
250,alleyoop282
251,alleyykatt
252,alliekeith
253,AllJerseyShore
254,allsportsplus
255,alltop_sports
256,AlmightyOtter
257,almiradesti
258,almostkind27
259,AlmostmichaelSB
260,AloeCentral
261,altenergyinfo
262,Aluciel
263,alvianyw
264,alvinoetama
265,alwaesboo
266,AlWoods
267,alyndroy
268,alysA_iS_herE
269,amalinamiyuki
270,amallison2
271,amalpaca
272,Amanda_Wen
273,amandamaddam
274,AmandaOMGLOL
275,amandatyson
276,amanimoney
277,AMaryHenderson
278,amayaroxii
279,amayazarranz
280,Amazonkindle1
281,AmberKane
282,amberrenee922
283,ambrosinShitrit
284,AmbrrLou
285,AmDiabetesAssn
286,Ameeee
287,amehra120
288,amekins
289,AmericanOutlaws
290,AmericasTop10
291,AmirahArzami
292,amorlahoz
293,amoz1939
294,amstivers
295,AMTANational
296,amunkpamungkas
297,Amy1100
298,amyadelexo
299,amyahn
300,amydrinnon
301,amyeverett95
302,amylitt
303,amylovegrove
304,amyrrxl
305,AmyZQuinn
306,amzharajuku
307,AnaBananaSNAP
308,Analucia815
309,ANanninga
310,anasporis
311,anastasia_silvi
312,AnayaKay
313,AndaTriadi
314,anddaluana
315,andersonsdirect
316,andinibrahim
317,andmcdonald
318,Andr0maK
319,AndraAndrew
320,andreadikken
321,andreansaputro
322,andressuliano
323,Andrew_Vocke
324,AndrewAppleyard
325,AndrewGayle
326,andrewwillmott
327,andrezalayra
328,AndriaLindquist
329,Andy_ilham
330,andycaster
331,andyfigueroa
332,AndyLucia
333,AndyRKett
334,AndyTalbotSmith
335,andyzain
336,Ane_Tone
337,anewmanwastaken
338,angadc
339,angeladawnnn
340,angelaz91
341,angeldevil79
342,Angelilili
343,ANGELiLOVE
344,angelinaaLala
345,angelxedge
346,anggapenyok
347,anggiijuan
348,anggiruth
349,anggitamahesa
350,anggiyee
351,angiebabie87
352,angiebirdie
353,angienashat
354,aniekoes
355,AnimeKiosk
356,anindaparamita
357,anindyamalia
358,aninhaazeredo
359,anita_ura
360,AnitaBusby
361,AniTheJedi
362,AnMai
363,annabarssbailey
364,anneeke
365,annemarierhodes
366,AnnePBieber
367,annetdejong
368,AnniceJones
369,AnnieDAFG
370,annielorri
371,anniemleung
372,annisyahnisa
373,AnnKingman
374,annmareebestof
375,AnomaIous
376,anthony15784
377,AnthonyIvJr7
378,anthonypainter
379,anthonyvanity
380,antoinetteanin
381,antonsays
382,anunturi_az
383,AnyaMelina
384,AoifeeO
385,apakomaok
386,apaoohlala
387,apeignier
388,aphrickan_queen
389,Apocalyptica
390,apple_tweet
391,apprview4iphone
392,aprilanajm
393,AprilSprouse
394,ApryleSoPretti
395,AR_ranchhand
396,araninfo
397,aranthiea
398,archiemb
399,ardevcampnyc
400,arelyfigueroa
401,arepnasution
402,ariannejohnston
403,ARICH23
404,Ariefross
405,ArielBambino
406,ARIESRAJISH
407,arif12181
408,arifforanto
409,ArjanDasselaar
410,arkorwan
411,armchaircelts
412,arnetiaa
413,Aroogas
414,arorasea
415,arromdee1217
416,Arthur_SGreggio
417,Artkani
418,artursilvalira
419,artwark
420,ArunJoshi1
421,AryaneCampos
422,ascrappydesign
423,ashaiscool
424,Ashleighh10_
425,AshleighMOJO
426,ashley_castle
427,ashley_webber
428,ashleyguidry
429,ashleyjanosco
430,ashleyjyoung
431,ashleyneal
432,AshleySandberg
433,ashong
434,ashtonlynch
435,ashutoshdutta
436,asila_khan
437,AskBransonShows
438,asleeplessshaky
439,aspworldtour
440,Assembly_ct
441,AsShire
442,asswfis
443,astasiszz
444,asteliaviny
445,astiaanb
446,Astrando
447,ASTROGaming
448,astrologybee
449,astronomyrecord
450,Astroscale
451,atgthatsme
452,atikawinata
453,atiqah_erlina
454,atiqahabdat
455,atri_septiani
456,atriatria
457,atypicalalbertn
458,AudraTheRapper
459,audrey_pink
460,AuntieNubbins
461,AureliaCotta
462,AureliaxJoyfuul
463,aurumlounge
464,AussieinJapan
465,auster82194
466,AuthentiKHarley
467,auto123_course
468,AV_UtrechtCS
469,Avaa93
470,avamoney
471,avarymackHTC
472,Avgg_AQW
473,aviadpines
474,AvidAndy
475,avindaelsa
476,AVLRealEstate
477,AVMNEWS
478,avoidinglaundry
479,AvyGaga
480,AW0ods
481,awaiskhan47
482,awayback
483,awhiteblankpage
484,AWLFalcons
485,AXIA3
486,axisyoga
487,ayakondo
488,aymagat
489,AYOOOJAZZO
490,ayurahmatia
491,ayyastro
492,AZcomm
493,azeerahbug
494,azFatimah
495,azizSKYONEYE
496,AzmiAnuar
497,azzamsayyaf
498,AzzamTamimi
499,b_lache
500,B_SO_POSH
501,B_U_T_T_A
502,Baaiimm
503,babbscolson
504,babipaglia
505,babsdorney
506,BabyBlak
507,babyclothingnow
508,babyjanie143
509,babymekimmy
510,babytata
511,BackCountryEdge
512,Backyardsinfo
513,BadEmma
514,badoerstrong
515,baekdal
516,bags998
517,baharanis
518,bahraini
519,BaileyHondje
520,Bajan_Sensation
521,bajopants
522,balmeras
523,BangaloreNews
524,banker1995
525,Bantiess
526,BarbaraCongress
527,BarbaraJaworski
528,BarbBallentine
529,BarbBinDC
530,barbhal
531,BarbieBadYazz
532,barbiesan1128
533,barefootleeds
534,BareKnuckleDawg
535,bargeboards
536,BarterGoldRamth
537,basicksickness
538,battica
539,Bayozmuzik
540,bayuikaperdana
541,bbc_podcasts
542,BBCDevon
543,bbcmerseyside
544,BBCRedButton
545,BCancer1
546,bcutwright
547,beachremedy
548,beas_bloomsbury
549,beaurie
550,Beautifulme91
551,BeautiZ_MyName
552,BeauToxic
553,bebemello
554,beca_dylan
555,BeccaAllTimeLow
556,beccamatic
557,beccarahh
558,beccasky
559,becky2266
560,BeckyBelieber
561,beckyilovedappy
562,beckyisbonkers
563,beckylewicki
564,BeckySefton
565,BeeBeautiful
566,beeerry
567,beekitti
568,BeenA_MACK
569,beenromped
570,beermerchants
571,beesihombing
572,BeeTaTaArtino
573,beeverycareful1
574,BeezyYung
575,BelColt
576,beliebermille96
577,BeliebSwift
578,bellaboo60
579,BellaMarieeC
580,bellarighi
581,Belx2
582,benashad
583,benhan
584,BenjaminDowning
585,benjayftw
586,BenjChua
587,BennyDbunz
588,bennyibarra
589,BenRank
590,benshephard
591,BenStandig
592,berkahmelati
593,berly6412
594,bernastar
595,Bernd_Fischer
596,berniequinn
597,BernyBop
598,bertablack
599,BestB4Sylvia
600,BestDeals4Now
601,bestlocalsearch
602,BestofSuffolk
603,bestplacebets
604,betajames
605,beth_peck
606,bethanybhorne
607,bethanyroute_
608,betheviana
609,BethFishReads
610,BethTdotPsykick
611,BetsyBeanie
612,BettinaMorton
613,bettrends
614,BettyBane
615,BettySharma12
616,beursgenoten
617,Bexx8D
618,bgeorgen
619,BGostkowski
620,Bhawana1712
621,bibahbo
622,BIBN2010
623,Bickys
624,bieber2UK
625,bieberaffaire
626,BieberBlush
627,BieberFeva_4Lyf
628,BieberFevcr
629,BieberHolland
630,bieberians
631,BieberLandx
632,biebermidlands
633,BieberSayNever
634,BiebersBoxerz
635,BiebzButsyBeadz
636,bieyant
637,big_blue_wolf
638,BIGBOYRE
639,bigredinsider
640,BIGSABB
641,BigThinkerJon
642,BigTossBentley
643,biiabuttercup
644,Biivillani
645,bikerbar
646,BilalBashir
647,billcarroll
648,billyandchris
649,biondisiahaan
650,BitchHunter7
651,bitofmomsense
652,bitterapplemark
653,bizshrink
654,bjbaloncio
655,bjkikkert
656,BklynBckstretch
657,BlackAesthetic
658,blackgijane
659,BlackHeartWhore
660,BlackNorbit
661,blackthund3r
662,blathermouths
663,Blazzle
664,blightygamer
665,bling2you
666,BlissJordana
667,bloodlust510
668,Blu1914
669,bluboy137
670,blucanary
671,BluCanon
672,blueberryji
673,BlueBlackWhite
674,bluecollardaugh
675,bluejayhotti
676,Bluesky107
677,blueskysnews
678,blueskysunburn
679,BluntNate
680,blurXUEER
681,BlytheMac
682,BMAColorado
683,BMorePRGuy
684,BoateAnne
685,bob_davis
686,BoBarronCCIM
687,bobbikneifl
688,bobbit2266
689,Bobby_Murison
690,BobbyRiversTV
691,Bobeedean
692,BobFarrell
693,BobsDeals
694,BobSeabold
695,bodhi_bear
696,bodymarkedupnyc
697,bohemiacademia
698,bongnavarro
699,bonjaymusic
700,bookflood
701,BookLover73
702,BOOKPADorg
703,Books_Games
704,BookWormGurl
705,boris_no_no
706,BossDonFdot
707,BourounisK
708,BowTieLawAtl
709,boxjohndell
710,bp4ps
711,bpwgreen
712,bradleyc27
713,bradybrown
714,brainflurry
715,Brake_Masters
716,BrandonCredible
717,brandy3216
718,brandyellen
719,brazilianguy
720,Breakwaterfp
721,breeannelove
722,breezlebub
723,brendanklein
724,Brendanvanson
725,BrenndahMaia
726,brentnic
727,BrezzyTv
728,brfaycakes
729,brianbarela
730,brianholland
731,BrianJPerkins
732,brickscity413
733,bridgetmschultz
734,brightgee
735,brit048
736,britt__x
737,BrittanyKeller
738,BrittnieRheayn
739,brnoel0906
740,BrockSleezy
741,BrogoSalloway
742,brontyman
743,BrookeAmanda96
744,brooklynxleary
745,brothersin3z
746,browncandy
747,brs
748,BRSDiddy
749,BruderThomas
750,Brunn_O
751,brunnofagundes
752,BrunoFatCat
753,brunothepro
754,bryan1202
755,bryceglarsen
756,BryensBootcamp
757,brynnk
758,bsanlo
759,BTCCCrazyLive
760,BubbasCop
761,BubbleBeeJenny
762,bubblefriends
763,buccibandana
764,buckshappening
765,bulchey
766,bulldog1706
767,BulldogMS
768,BulletboyChild
769,bunganzo
770,burriseng
771,businessbuzz00
772,BusterMonkeyz
773,busybodies5
774,Butterscotchblg
775,butwait
776,buybestprice
777,buyselloffers
778,bwicaksono
779,bylbaila
780,C_86
781,c_dabait2010
782,C_Moran
783,CableGuyEric75
784,cacaullima
785,CacklingMelLee
786,Cadrieu
787,cafe_den
788,caffeinatedmama
789,caguglielmi
790,cahyooPW
791,caillestar
792,cakeyoga
793,caledonianangel
794,CaliberFxPro
795,calicowboy11
796,CallMeCow
797,CallyJaymes
798,calmgrowth
799,CalvinWulf
800,calvzsbautista
801,Cam4Porn
802,cameliapd
803,CamilaaCaetanoo
804,camogray
805,canaanlandstore
806,candla
807,candorville
808,candyappleretto
809,candys1243
810,cantergirl
811,Capital_Vic
812,capricorn_one
813,CaptainAnthony
814,Captfixit1
815,captunes
816,Caramel8
817,caramelluva
818,CaReenzie
819,cargpsdirect
820,caribbeandreamz
821,CarinaOlsen
822,carldemaio
823,CarlenaB
824,CarleyRecruit
825,Carlithiel
826,CarlmannJohnson
827,carln26
828,carlomethew
829,Carlywood21
830,carmanbob
831,carmenheflin
832,CarmenTS
833,carmilevy
834,carol_fc
835,carolann_cox
836,carolinemayling
837,carolsecaf
838,CarolSPimentel
839,carriemcclane
840,carrottop999
841,carterlusher
842,Carthychef
843,CaryFC
844,caryltinae
845,caryngehrke
846,Casa_Grande_WX
847,CasanovasEGO
848,Cass_Curtis
849,Cass_DBSK_4ever
850,CassCull
851,CassiiSevenfold
852,castawayy
853,cat_9700
854,CatalinaTravel
855,CatalinMustata
856,CatarinaC1193
857,cataspanglish
858,CatFilip
859,CathyCox2010
860,Catomaynemonsta
861,catty
862,CattyJacques
863,Cavrin
864,cazjuice
865,CBS44
866,ccfcfan
867,Ccine10
868,cece_baby
869,CeciiliiaM
870,Cecile_Jandau
871,CecilMontana
872,CedarValleyofIA
873,CeeCee_Sadiddy
874,ceeceed
875,CeeceeEm
876,celebz_ladygaga
877,Celede
878,celineclarise
879,CELINEKOH
880,cellphones3g
881,cen_jizriel
882,CEO_INGDIRECT
883,ceotty
884,CGtheJediMaster
885,Chaaarrlie
886,chachenzie
887,chaddavisxxx
888,CHANDMAN316
889,changlihkang
890,chani_o
891,ChannelLincs
892,Chantelle_g
893,chantiey28
894,CharApple
895,charleneajose
896,charleneortiz
897,charlesmking
898,Charley_89Ame
899,CharlieDavy
900,CharlotteGore
901,CharlottePeel
902,CharlyDemmers
903,charmainegrace
904,Charno
905,CharrParrr
906,ChashaMomoh
907,chat_up_lines_
908,chattermonkey
909,chayheenXD
910,chazferrari
911,CheapGalaxy
912,Cheatuh_Print
913,Chedster
914,CheesecakeAny1
915,ChefRHO
916,Chelpaaaaa
917,ChelseaDOLL
918,chelseax77
919,CherylHodge
920,cheryltqy
921,chhyyee
922,ChiaLiciouss
923,Chibi_Dani
924,ChicagoMicro
925,ChicagoNewsHeds
926,chikadiana
927,chikara09
928,childsplayx2
929,chilvilina
930,CHINGsays
931,Chiquinhou
932,chitrangr
933,chl0eee
934,chocolatedoggy
935,ChoeBe
936,ChoklitGemini
937,Chorley_Bloke
938,chris_bloke
939,ChrisCarra
940,Chriscarroll50
941,ChrisCree
942,ChrisFreet
943,chrisharrington
944,chrismccorry
945,chrisrbrown
946,chrisRichards85
947,ChrissyCakesss
948,christammiller
949,ChristelNolle
950,ChriStian_JuL
951,ChristianHere
952,ChristinaAdler
953,ChristinaStokes
954,ChristinasWorld
955,Christine0826
956,Christvandorst
957,chriszerX
958,Chuakailin
959,chuemma
960,chwilson
961,ciallkennett
962,Ciano_
963,cianodriscoll
964,CiindyBiteYa
965,CiLLASTAYFLY
966,cindigleen
967,cindystar94
968,cintyabalabala
969,circlejerking
970,circlesoffire
971,ciscoayala
972,citrusgop
973,CityBoiAse
974,citygrlstyle
975,civil3diva
976,civilebarbie
977,civisliberum
978,Cj_ChubaJunior
979,CJBeatz
980,cjducky
981,cjelcapitan
982,cjferrer
983,cjntrng
984,ck82
985,CKIQ
986,CkJ_claire
987,ckosec
988,CkTintinen
989,clai_rine
990,claiireyberry
991,Claire51239
992,ClaireRConnelly
993,clairey_hollo
994,clar96
995,claraasita
996,clarajchan
997,claresS0cute
998,clarriscent
999,clasSy_Diiva
1000,claudia_leticia
1001,claudiagray
1002,claytonpeters
1003,cleocurious
1004,climaxtackle
1005,clique_BOAT
1006,clivedullesco
1007,CLOCOOL
1008,closernews
1009,clueless_bimbo
1010,clydebankfc
1011,CMEman
1012,cmgoodwin
1013,CmMORELLO
1014,CMOMUSIQ
1015,cnansen
1016,cnegroni
1017,coach_chelle
1018,CoachEllis
1019,CoachWiegs
1020,COACOGEMINI
1021,COASTMANFLORIDA
1022,cod6tweets
1023,Codemos
1024,codingkoala
1025,codysimpbands
1026,coecoes
1027,coeurr
1028,CoffeesCommutes
1029,coffmanjosh
1030,coldog_millions
1031,ColeFuneralHome
1032,colesearr
1033,commmonprayer
1034,CommonCold_OW
1035,connie_1216
1036,connorsimpson
1037,conorpegypt
1038,ContactEMC
1039,contactsearch
1040,contafisca
1041,ConvertingMe
1042,Cookieclown33
1043,cookingideas
1044,CoolCarver
1045,coolswflorida
1046,Coquette_x3
1047,CoraGrace
1048,CorbinRAdams
1049,Core4Health
1050,Corina_Ooin
1051,CountryGirl8895
1052,couponforums
1053,Court_Vaughn80
1054,CourtneyBelle88
1055,couturequeen35
1056,Coyote_Crafty
1057,CraftGoods
1058,craigcoomans
1059,craignewmark
1060,CraigWFSmith
1061,cranberried
1062,crashdummylover
1063,CRazEsuPapiLLZ
1064,craziieeee
1065,crazy4selgomez
1066,crazybobbles
1067,CrazyMSULady
1068,crazytwism
1069,Creep_dxb
1070,cribcaged
1071,cricket_score
1072,Crimotaku
1073,crislunardi123
1074,CrissyRowell
1075,cristullite
1076,CRoman_Styles
1077,croquizzz
1078,crossfitsport
1079,crownroyal88
1080,crusader707
1081,CruzanChoklate
1082,Crypt_
1083,cryslicious
1084,Crystalgate
1085,cscw04
1086,CSiJia
1087,cspost79
1088,CSTACTICAL
1089,ctauchen_art
1090,CTMJG
1091,ctrlshift_uk
1092,cuapbidc709
1093,Cubez973
1094,cubiclegirl
1095,cucu_queen
1096,cupboards
1097,Cupcaitxzombies
1098,CupsawLake
1099,cureforacutie
1100,curhattoilet
1101,curryegg
1102,CurtisHoff
1103,CurveWatch
1104,customrclights
1105,cuteyeyez
1106,cutieboo9812
1107,cutiephamzs
1108,CuttingEdgeK
1109,cv2c
1110,cvmtexas
1111,CWJonesIII
1112,CybelDP
1113,Cyberbeatbox
1114,cyberpet
1115,cybravatar
1116,Cycleforpi
1117,Cydonia59
1118,cyktrussell
1119,CymraesCoch
1120,cynthiavickers
1121,cyrille25
1122,D_STAY_STYLIIN
1123,dabnorfish
1124,Daelda
1125,daelitesmom
1126,daemonsbooks
1127,DaEPill06
1128,daily_stock
1129,dailyict
1130,dailysensations
1131,dailyspsdigest
1132,dakota_london
1133,DaleFTW
1134,Dalewild
1135,DallasaurasRex
1136,DALMATIA4YOU
1137,Dalovelylie
1138,Dame_Differente
1139,damiaELF
1140,damianlboyd
1141,damien23
1142,damienloong
1143,damigeron
1144,DaMightyInfamus
1145,dammiani
1146,Dammy_A
1147,DamonLThomas
1148,Dan_Devellerez
1149,DanceCEO
1150,dandheman
1151,dandygarindra
1152,DangerousDroid
1153,dani_L_stevens
1154,dani_star
1155,Danica_Legit
1156,danicamber
1157,DaniceDearborn
1158,danidalzotto
1159,daniel_shoobaby
1160,Danielle_TBO
1161,DanielleMoinet
1162,danielmeers
1163,danielsophianos
1164,daniiheartsyou
1165,daninreality
1166,danny_tank
1167,DannyIsOnFire
1168,dannyleong
1169,Dantas_tst
1170,dantecooper
1171,dantelepoole
1172,DanThomasUK
1173,dantz
1174,danurangga
1175,Dany_k
1176,DAORCHESTRA
1177,DaRealQueenV
1178,Dark_vanity
1179,DarkFeathaz
1180,darkguy_050
1181,DarkmoonDiana
1182,darrah1
1183,DarrenHicks
1184,DarrenHumphries
1185,DarrensTechWire
1186,Darryl_THFC
1187,darryl1974
1188,DarthJaeda
1189,DaSaintFan
1190,dashpiracy
1191,dat301gherl
1192,DatBoul
1193,datchickneeks
1194,datechat
1195,datgentquint
1196,DatingFinder
1197,DavePeckens
1198,davesgauge
1199,davetisch
1200,DaveUrsillo
1201,david_jeckal00
1202,David_McG
1203,davidlandrith
1204,davidm_fr
1205,DavidSlack
1206,DavidSTrees
1207,davidvio
1208,DavisFarmland
1209,DAvRutick
1210,DawnRaeMiller
1211,DayangAnisa
1212,dayuRatih
1213,dbanner242
1214,dbesabella
1215,Dbfuturist42
1216,DBrownDontStop
1217,dc_calhoun
1218,dch7673
1219,DCrite
1220,Ddaywear
1221,dddiva
1222,ddeft
1223,ddputrie
1224,DDUBsBOSTONjenn
1225,De_Law
1226,Deadbl0w
1227,deadmanwriting
1228,deadvoter
1229,Deal4Christians
1230,Dealradar_STL
1231,DeannaDeangelo
1232,deb_lavoy
1233,deb_sepz
1234,DebbieGiga
1235,debenham
1236,debrajohansen
1237,debworks
1238,dee_wavy91
1239,DeeBee12
1240,deedaiyenh
1241,deedeedateacher
1242,DeeHiggins
1243,deenmeister
1244,deepsworld1989
1245,DeeRiter86
1246,deetimisela
1247,Degringolade
1248,deleurious
1249,delmelza
1250,DeLoong
1251,demmydm
1252,DemPR
1253,denifty
1254,DeniseTesta
1255,denisevdoro
1256,dennaaaa
1257,Dennickk
1258,dennmann17
1259,denturist0van
1260,dephchii
1261,Dephee
1262,DEPVacations
1263,deRAYLed
1264,derekhuether
1265,Dermidy
1266,designdreams
1267,DesignThinkers
1268,desire31xes
1269,desperadroo
1270,desperfecti0n
1271,destincole
1272,destinfmwr
1273,DestinySache
1274,Deuxdeux_
1275,DevaniLaRose
1276,devidepooy
1277,DevilsJump
1278,devinaput
1279,devirisyanti
1280,DevIsntPhil
1281,devitaharya
1282,DEWsMARSHmallow
1283,DeyKallMeImpact
1284,Dez_Decou
1285,Dezas2
1286,Dezi1016
1287,dharanitharan
1288,DiabetesNews
1289,DiamondhOOps
1290,Diamondmoni
1291,dian_yach
1292,dianabir
1293,DianWard
1294,DickyKeren17
1295,didematinel
1296,diditindra
1297,Diego_tiger
1298,DieselisBrave
1299,DieselPigeonsID
1300,Diezmastres
1301,difethabia
1302,digitalpublius
1303,dignut
1304,diiediie
1305,dilipalizio
1306,dillonong
1307,dimaskw
1308,dimaspradipta
1309,DimezDavis
1310,diniakape
1311,DinoJeebus
1312,dinopanetta
1313,DinosaurPyjamas
1314,dionnathanlol
1315,dipdipa
1316,DirectorioM
1317,DirtyRoachie
1318,disasterhead
1319,DiscoChemistry
1320,discosmackdown
1321,disdisey
1322,dishnetwork
1323,DisneyGeekDad
1324,dissembly
1325,distinctartist
1326,Divefire
1327,dixiepixel
1328,DIY_Home_Tips
1329,diyawp
1330,DizDanglez
1331,dizzyyet
1332,DJ_NUVO
1333,DjAslan
1334,djawzz
1335,DJCNYL
1336,DjCskillz
1337,djdcinfamous
1338,djdenuk
1339,DJEuric
1340,DJGlobe08
1341,DJMickSingh
1342,djneiljbham
1343,Djojosaputro
1344,DJR2C2
1345,djraghkstar
1346,DjSatansfury
1347,djshane1
1348,djsophialin
1349,djspeedUK
1350,djtj222
1351,dlayphoto
1352,dlhitzeman
1353,dlitzenberg
1354,dlwdillon
1355,dmjohns1
1356,Dnklv
1357,DobrisMagazine
1358,docbecdotcom
1359,DocGnarnia
1360,DocstocFinance
1361,DocTricey
1362,doeboidollaz1
1363,dokterdenis
1364,dollarsmedia
1365,DollysSweetLife
1366,dollz87
1367,dominic_victor
1368,dominosshoreham
1369,DomSG
1370,donarbasketbal
1371,donatpapic
1372,DonManganar
1373,donovancheryl
1374,DontBeASkeptik
1375,dopelicious
1376,DorisKidclothes
1377,doro_bartowski
1378,dotlatest
1379,Double7FM
1380,doublerdesigns
1381,DoubleSixx
1382,douglass_media
1383,douglobb
1384,doushichan
1385,DownloadMp3Song
1386,DozerDame326
1387,dpolz544
1388,dramaqueenx0x
1389,drawnrecordings
1390,DreaAST
1391,Dream615
1392,DreamerTweets
1393,DREAMRescue
1394,drenwin007
1395,DrewMcKissick
1396,drivingneg
1397,drkarenbecker
1398,drkisane
1399,droogbarros
1400,drtaber2
1401,drunkenbones
1402,DruPhotoDesigns
1403,ds_sports
1404,dslifton
1405,Dstroii
1406,dt4fast
1407,dtcav
1408,DTNCommonWealth
1409,DTNHealth
1410,DTNJapan
1411,DtotheUG
1412,DuaineASamuels
1413,duffer__x_
1414,Dukejeter
1415,dumbbrunette_
1416,DustoMan
1417,dustproof
1418,dutchstylez
1419,DvhN24
1420,DVLauraDV
1421,dvsgenius
1422,dvydra
1423,dwirahmayanti
1424,dyan_x
1425,dyandraawrr
1426,dyanneralston
1427,Dylonyellow
1428,dyltfrwrks
1429,dzsodzso
1430,earAstotle
1431,EarlJunya
1432,earnmoney365com
1433,earpinna
1434,earthtomel1
1435,earthw0rm
1436,EastsideHill
1437,EastWingEnt
1438,EbbaCervin
1439,Ebikaka
1440,eboiizz
1441,ebonyse
1442,EBrigante
1443,echelonLIU
1444,echoshack
1445,eciiku
1446,ed_moose
1447,Ed_Rivers
1448,eddieishere
1449,EdotVdot
1450,EdsKitchen
1451,edu_channel
1452,eduardokgate
1453,edwin2zone
1454,EdwinAbuga
1455,effielasek
1456,efmae
1457,egaarizti
1458,egane
1459,EghyPrasetyo
1460,ehdinda
1461,EhhHeeCaa_x
1462,eirra
1463,ek__ek
1464,ekaloeputra
1465,ekamiauw
1466,ekifrederick
1467,ekosantos
1468,elainecohen
1469,elaro_delvii
1470,elbeddtan
1471,eldiktyo
1472,Eleanor_Keys
1473,elegancecharm
1474,elenafdz
1475,Elia_Bee
1476,eliasvanhees
1477,elifilkay
1478,elisa_oi
1479,Elisamedina
1480,elizabethonline
1481,elizabethramos
1482,ElizDemiray
1483,EllaKremper
1484,ellanrsh
1485,ellarobotham
1486,elleskitchen
1487,Ellie17B
1488,ellington33
1489,ellylove
1490,eLmANJELL
1491,elmiguelmorales
1492,Elmore524
1493,ElMundio87
1494,elocinmahrud
1495,ElroyQueJetson
1496,elsyajunicha
1497,elwinvangestel
1498,ElyciaRoss
1499,eLzoezoe
1500,em_literacy
1501,emarihronquillo
1502,emarnold14
1503,emelie416
1504,emelism
1505,Emikocho
1506,emiliacristache
1507,emiliee_xD
1508,Emilieemellor
1509,emilmily
1510,emily_90
1511,Emily_Ruth
1512,emilylittledark
1513,emilyniawatson
1514,emilyrister
1515,emmahp1
1516,emmalewandowicz
1517,EmmaSophina
1518,EmmSanders
1519,Emmy_Z
1520,emptywheel
1521,en_creativity
1522,energizedwoman
1523,enfu
1524,enjijolie
1525,EnKoreMakeup
1526,Enndreya
1527,enormhi
1528,enqixie
1529,epicsportynews
1530,epistemophilia
1531,erbins
1532,ericawhiteman
1533,EricDoot
1534,EricIGN
1535,Erick_Bedel
1536,EricPBickel
1537,EricSayz
1538,erikalugon
1539,Erikmitk
1540,Erin2G
1541,erinberryscott
1542,erinmcgreevey
1543,Erintess
1544,errkuhnicole
1545,ershadaja
1546,erwblo
1547,erwinbruinink
1548,ES37
1549,ESCO_12
1550,EscobarRicoCEO
1551,Esieness
1552,ESPN_Poker
1553,esteponapest
1554,EsterOv
1555,ethan_97
1556,ETMonkeyFinger
1557,EtoileViolett
1558,eun9
1559,eupholia
1560,evanafter
1561,EvandaGita
1562,evandawson
1563,evercode
1564,Every1_HatesHop
1565,evico
1566,evie
1567,EvieG95
1568,EVILFux
1569,evilte
1570,evolveplus
1571,eWanne
1572,exposedplanet
1573,eXsHie_iYa13
1574,extratender
1575,Extremedonny
1576,EyeOfRay
1577,eyepatchstory
1578,fabgelous
1579,FabiolasMoments
1580,FabioSartt
1581,fabiotaques
1582,FabtasticMiley
1583,Fadassadaf
1584,faddycakesx
1585,fahmi_fadzil
1586,FahmiNauvarahim
1587,failteuk
1588,FairazAhmed
1589,fairls
1590,faithfulnews
1591,FAKE_ANGEL
1592,FakeEJR44
1593,FakeFinas
1594,FakeLifeofBilby
1595,FalconPez
1596,FamiliaSurita_
1597,FamousBloggers
1598,fancy93pants
1599,fannison
1600,fanntine
1601,fanpanthers
1602,fantasticmrfox7
1603,Fantasy_NHL
1604,farahdibafasya
1605,Faraissa
1606,farisalistya
1607,farisalw
1608,FarrahPlutschak
1609,Farva82
1610,fast_frankie
1611,FastCashSystem1
1612,FatGone4Idiots
1613,fathin0608
1614,FatinFarhanah
1615,fawham
1616,Fayfay_HLE
1617,fayhistory
1618,Feartheflames
1619,FedererLive
1620,feeee
1621,feeemarques
1622,FEETDADDY
1623,feliciagosal
1624,felinasimamora
1625,fellfromatree
1626,FEMKExSCHREI
1627,FemkeZwanenburg
1628,ferlin_linx
1629,fernpoyser
1630,fervogt
1631,fgp6
1632,fhiarizul
1633,fiarenji
1634,FidBret
1635,FIFA_UEFA_EPL
1636,fifiifif
1637,fikasafira
1638,filce
1639,fileunder
1640,filledmyheart
1641,FinancialDeals
1642,FinancialJobsUK
1643,finianmurphy
1644,finigabice
1645,Fionawmac
1646,fiqihkarmelia
1647,firewillheath
1648,fishfarm
1649,fishing4ahigh
1650,Fishingpoodle
1651,fitcityindy
1652,fitriaridzikita
1653,FitzPro
1654,fixie_bot
1655,fizibum
1656,FJunyi
1657,FlamingBobby
1658,Flamz1
1659,flashyandy
1660,Flayks
1661,Flepi
1662,Flizzelz
1663,floopJos
1664,FlyCoupon
1665,flyhighracci
1666,flyincod
1667,flyingperonis
1668,FlyManx2
1669,FM1061
1670,FMCoach
1671,FMLandMLIA
1672,fola_jonas
1673,follow_mii_leed
1674,followHealthNut
1675,followingALLEYJ
1676,FollowInTheKnow
1677,FollowMeBieber_
1678,foongpc
1679,FootyGirl88
1680,foracamp_gr
1681,ForeverAlways13
1682,forevermerissa
1683,ForexInvincible
1684,formula1ff
1685,foxdavebriggs
1686,Foxmuldar
1687,Fr3dSantana
1688,FRahevar
1689,fraiero
1690,Franathania
1691,FrancoPanizo
1692,FrankDiniCo
1693,frankguillen
1694,Franky1994
1695,fransingh
1696,frantastique
1697,frantecman
1698,Frau_Frosch
1699,Freak_Wednesday
1700,FreakBeliebers
1701,fReAkd0LL
1702,freakyducky
1703,freddydalefty41
1704,freddykyoung
1705,frednut
1706,free_porn_movie
1707,Free1heart
1708,FreedomBot
1709,Freedomman11
1710,freeish
1711,FreekeyTy30
1712,Freelance_More
1713,freepctophone
1714,FREEwowWireless
1715,frendyWAYNE
1716,Freshapplecake
1717,fresharticleshb
1718,frinalusycasca
1719,Fritscie
1720,frogsarehot
1721,FromAboveMusic
1722,frootytoon
1723,frostedklyde
1724,fsanjose
1725,FSUPER
1726,FTAsiaNews
1727,fuck_maturity
1728,fuckyeahasian
1729,fuhq_mitchell
1730,functionalfood
1731,Fungible
1732,FUR13N
1733,FusakoTsuchiya
1734,fussball_wm_10
1735,futuremrsjk
1736,Fuzzomegalution
1737,fwalraven
1738,fwinter
1739,fynf
1740,G_RON
1741,g0dsgurl
1742,gabalexa
1743,GabbyNicoleeee
1744,gabii_orsini
1745,gabrielaclara
1746,gabrielagmoura
1747,gabrielm_
1748,GabsMeredith
1749,GAFrontPage
1750,gagaesque
1751,GameNewzDE
1752,GamerAQ
1753,GamingGuruGG
1754,garnicholson
1755,GarrettMarchant
1756,Gary_Victorious
1757,gary1rothfeldmd
1758,garyandrews
1759,garymaguire123
1760,gastropoda
1761,GatorWire
1762,GATrustees
1763,gau4ever
1764,gauldilocks
1765,gavinblair
1766,GayboyMemoirs
1767,gcapitallar
1768,GCIwifey
1769,geeayeyen
1770,Geehold
1771,Geezemarie
1772,GeiniAgni
1773,gelai22
1774,gemalacitra
1775,gemma_ramsay
1776,gemmabishbosh
1777,GemSkippy
1778,generalzentltd
1779,GenevaFlowers
1780,GenevieveLxq
1781,GENG_GUNDAM
1782,Genjinaro
1783,GennaKBee
1784,GENZheartsDBSK
1785,geodost
1786,Geoff_Nevill
1787,GEOREADER
1788,georgeomyers
1789,georgewong
1790,Georgiee_Porgie
1791,Geran7
1792,GerardusH
1793,gerenejd
1794,GeriGloria
1795,german_metal
1796,Get_Lippie
1797,getmilkshaked
1798,GhoulFriday
1799,GiantEnemy
1800,GibranX
1801,GiftsPlus
1802,Giggsy11Legend
1803,GIKate
1804,Gin913
1805,GinaCamp
1806,ginahester
1807,GiNny_ButLer
1808,gintakyu
1809,gio_cifuentes
1810,GirlFuturist
1811,girlonLSB
1812,girls_boys
1813,gitaamandaa
1814,glamazon_barbie
1815,GlambertAddict
1816,GLAMOUROUS69
1817,glastopf
1818,GlastoWatch
1819,glen2005
1820,gllbr
1821,globalist1
1822,GlobalViewFX
1823,GloriaRand
1824,glorified_gvb
1825,glstr
1826,Glydez850
1827,gniyix
1828,gnolasco
1829,go_makemoney
1830,go4Gnow
1831,goatravel
1832,goclinicaltrial
1833,GodsGift589
1834,goldenarcher
1835,GoldenBilFish
1836,Gondaljutt
1837,gongwuerzburg
1838,goodhealth4u2
1839,goodinparts
1840,goodseo
1841,GoodwinSimon
1842,googlegoldmap
1843,GooglewaveReads
1844,GorillaGreenz
1845,GoroHammond
1846,gosiaaa
1847,GossipToday99
1848,GovKaineBrow
1849,gowercottage
1850,GP237
1851,gpmarkley
1852,gpsaccessories
1853,GraceeEloise
1854,GraceTheObscure
1855,graciastefani
1856,GRAFZz
1857,Grandhustle1046
1858,GrantKC
1859,graphiclunarkid
1860,graveidea
1861,graywolfpack
1862,greatwhitepanda
1863,GreeleyGrays
1864,Green_Guerrilla
1865,GreenBaby_UK
1866,greenexistence
1867,GreenHome2010
1868,GreenHotels
1869,GreenPansSuck
1870,greenskeptic
1871,greggvm
1872,gregslateragent
1873,gregzimmerman
1874,GretasTARDIS
1875,greyswantah
1876,greyy_eyess
1877,griffybabyyyy
1878,grimeylee
1879,grimsgreen
1880,GrothFarms
1881,GroupSolutions
1882,GRUMPYCOKE
1883,gsiolis
1884,GSMichelleCS
1885,GTorrington
1886,Guel
1887,guerraj59
1888,guinisinmypants
1889,guitartabs247
1890,GummibearPizza
1891,GungDeMulyawan
1892,Gungdiah
1893,guns_not_roses
1894,guriel
1895,guungdeww
1896,GuySoundByte
1897,GypoCrazy
1898,H3nzuuxo
1899,hagicuizon
1900,hahaany
1901,haidivine
1902,Haileykins123
1903,HainzyGotJBSwag
1904,hairspray__
1905,halbranson
1906,halcyonyarn
1907,haleeeeyjane
1908,HaleyLawyer
1909,hallrm
1910,haloandrea
1911,halohai
1912,hamavin
1913,hamfrey
1914,Hamilton_Humane
1915,hamishknox
1916,hamna_
1917,hanahearts
1918,hanalizabeth
1919,hanalyasa
1920,HanC28
1921,hank_MiB
1922,Hannah96love
1923,hannahforest
1924,hannahkw222
1925,hannahmeatsix
1926,hannahrexic
1927,HannahWalnut16
1928,hannahxxhitman
1929,hannanimal
1930,hanseltan09
1931,hanstorm
1932,hantscricket
1933,happyhappyheidi
1934,happyheart_29
1935,Happylabfr
1936,HappyMouffetard
1937,happypeoo
1938,hardin_james
1939,HarfordGym
1940,haritographer
1941,HarlemFaith
1942,harryrichards
1943,HarryShotta
1944,harrysmum
1945,harukazebanri
1946,harveyantfleck
1947,HasLindaAhmad
1948,Hasnaavni
1949,HauntedRockCake
1950,HaveBieberFever
1951,havellsindia
1952,HaveYouMetKwame
1953,havingtwinsnow
1954,hawkt
1955,hayley842
1956,hazmatbarbie
1957,Health_Diets
1958,healthyschools
1959,Heanon
1960,Heartie4ever
1961,HeatherFur
1962,Heatherpiggytoe
1963,HebertHouri
1964,heelsoverhead25
1965,HeemyDrizzy
1966,Heidi129
1967,heidiheartshugs
1968,heidilaanes
1969,heidithorne
1970,heidiwholeness
1971,HeleenaNorvette
1972,HeleenThomas
1973,helloebony
1974,helloimvictoria
1975,HelloPepper
1976,Hemuf
1977,henderslam
1978,HerbAllSmiles
1979,herdiono
1980,Heres_JOHNNY
1981,HeresKayter
1982,heroicseas
1983,hexacreative
1984,heyfrancine
1985,heyitschika
1986,Heymynameisphil
1987,heyriimaa
1988,HEYRuut
1989,heyvira
1990,hgeeCYRILIERS
1991,hhamon
1992,HHKNJ
1993,hien_phan
1994,highwind
1995,hijackedminivan
1996,hildaayulia
1997,hillcommaerick
1998,HilleyAndout
1999,HIM_AGAIN
2000,hinaresh
2001,hipeople_bj
2002,hippomeister5
2003,hiyaleanne
2004,HlanguMsomi
2005,hnatorp
2006,hobokencity
2007,Hobosocks1
2008,hochiu21
2009,HodgePodgery
2010,HoestOnline
2011,HogglyM
2012,HolDavis
2013,holleyandgill
2014,Hollista21
2015,holly_fugly
2016,hollyalyxfinch
2017,hollysmommie
2018,hollzyz
2019,HomeandGardener
2020,homegrownstuff
2021,HONDA_MANUAL
2022,honeyram
2023,hoopdreams10
2024,HotAboutNewYork
2025,hotcereal
2026,Hotels_Discount
2027,hotelsreviewed
2028,hotincome4u
2029,hotsexypants
2030,hottvnews
2031,Hound_JobSearch
2032,Household6Diva
2033,houseofpain
2034,howellst
2035,HowGQ
2036,HowToEnjoyBLFST
2037,hoxtonhandmade
2038,hpetrelli
2039,htownbigpoppa
2040,hubertusanton
2041,Hubothecat
2042,hudihudia
2043,HueyMack
2044,hugosaptosadewo
2045,Hugoskd
2046,Hulaufan
2047,humanslife
2048,Humour_101
2049,humzamehbub
2050,hungryclone
2051,HunterZachary
2052,Hurrachick
2053,hurricanecharis
2054,Hurricanes_NHL
2055,hv1nfn1
2056,hwa77
2057,hwall1018
2058,Hypnotqsweet420
2059,I_am_Danie
2060,I_die4fashion
2061,I_HEART_MAKEUP
2062,i9950
2063,IagoMaciel_
2064,iaindale
2065,Iam_Focus
2066,Iam_Ismail06
2067,iam_shyamprasad
2068,iamabhie
2069,IAmCastiel
2070,iamchloehughes
2071,iamdenisee
2072,iamedwarde
2073,IAMjennMCDaniel
2074,iamjuvee
2075,iammikek
2076,IamNikkiUnique
2077,IamNovel
2078,iamtomiwa
2079,IamyourConstant
2080,IanPJ
2081,IB_MEEKS
2082,IBBSolutions
2083,ibecaroline
2084,iber_
2085,iBieberDesire
2086,iBubelo
2087,IceColdBreeze06
2088,icetree
2089,ichafadh
2090,icheb
2091,icimage
2092,Ictus83
2093,idciishafira
2094,ideal1202
2095,IDOLSandSHINee
2096,IDU_IM
2097,If_I_Fall_Down
2098,IfthikarAli
2099,iggypedia
2100,igi16
2101,iGQRalph
2102,iheartleeteuk
2103,iheartpolrbears
2104,ihustledaily
2105,iiicchhaa
2106,iiLivePiiNk
2107,iKaynaa
2108,ikbenirisniet
2109,ikemaharani
2110,iKissNTell
2111,IL_world
2112,ilikebears
2113,illegaljacks
2114,Illumnative_Vis
2115,iloveheechul10
2116,ilovejovi
2117,ilovemjtyler
2118,ILoveTheVD
2119,ilr_sports
2120,ILuvJustinB93
2121,ilvdt
2122,IlyPink01
2123,im_ERLIANAAA
2124,im_PULSE
2125,ImACES21
2126,Imaginarydiva86
2127,imajerzeygirl
2128,imaMason
2129,imDiyanah
2130,imJIAMIN
2131,imkarladee
2132,ImLivinProof
2133,IMLoveDrunk
2134,ImMoViNoN1986
2135,imNAZIHA
2136,imnotonik
2137,impsyche
2138,ImTaybaybee
2139,imtheheroshot
2140,inawarminister
2141,inchic19
2142,IncredibleIvy
2143,indachhh
2144,indahpratiwi27
2145,IndiaNews247
2146,IndiraGaluh
2147,indizxrwk
2148,indraibenk
2149,ineso
2150,inetmarketing4u
2151,Infexion07
2152,infinitemg17
2153,info4sheff
2154,infosdesMedias
2155,infotaxsquare
2156,infotectravel1
2157,infothatmatters
2158,Inga4you
2159,Inge_M
2160,ingramjamesc
2161,IngridRompa
2162,ingveldur
2163,inhuggermugger
2164,Inky_Smudge
2165,inlovewithtvxq
2166,insatiable_fix
2167,insurancexpertz
2168,insurecoverage
2169,intanamanda
2170,intermallorca
2171,internetdj
2172,intlevg
2173,investortweet
2174,iow_co_uk
2175,IowaChrisReed
2176,IowaIndependent
2177,ipadappbuzz
2178,iPavi
2179,IpekS2
2180,IPINLive
2181,iPowerGS
2182,ipungalak
2183,irahodges
2184,irashabira
2185,irelandoldlace
2186,ireliH
2187,irishbookworm21
2188,irizpapio
2189,irsandape
2190,IrwanFahmiid
2191,isa247
2192,isaacpr
2193,isabellejanexo
2194,iScreamFASHION
2195,ishlepup
2196,ishotgun
2197,iSIHUA
2198,ismaelflyy
2199,ismaelrihawi
2200,IsmailDocrat
2201,IsmayaLive
2202,isty
2203,isv13
2204,ItaloMartins
2205,ITJobDC
2206,iTrustFinancial
2207,itsbabyANNA
2208,ItsCoolGrey
2209,itsDANTEbxtch
2210,ItsJennBug
2211,itsjordanrawr
2212,ItsJTKW
2213,ItsKirstiee
2214,ItsLaurenneBieb
2215,ItsMane
2216,ItsMeChrisG
2217,itsmerosy3
2218,itsmeSufea
2219,ItsMzVixen
2220,itspop
2221,ItsRicardo
2222,itzleeyall
2223,ivoryhill
2224,iwilbourne
2225,Izal_arizal
2226,izas2justin
2227,IzzahBazilah
2228,izzassi
2229,Izzycpr
2230,j_bananaz
2231,J_Dolla
2232,j_milly
2233,J0Di_
2234,J2daJones
2235,J3sunshine
2236,j5i
2237,Jaaras
2238,Jack_Franklin
2239,Jack_Wheeler
2240,jackbremer
2241,jackjooba2
2242,jacklyn519
2243,JackWMagic
2244,jackychan_
2245,Jacq666
2246,Jadeeeee92
2247,JadeEmma_
2248,jadetherese
2249,Jaezel501
2250,JaicynTM
2251,Jaison96
2252,jakaerdhi
2253,jakbornleader1
2254,JakeMSeaford
2255,jakrr
2256,Jambodhi
2257,james_slnriot
2258,jamesdoc
2259,jameslegg
2260,jamesrwhite
2261,Jamie_Eason
2262,jamieblack2004
2263,JamieJayLamb
2264,jammerbbk
2265,jamnsfld76
2266,JaMonTique
2267,JanBijlsma
2268,jAnine_belieber
2269,japha11
2270,Jaqlollipops
2271,jaronmc
2272,jarryd_RN
2273,JarvisGP
2274,jas643
2275,JasCherise
2276,jasmine199
2277,Jason3460
2278,JasonAMTaxi
2279,jasonecohen
2280,jasonheywardfan
2281,JasycaXie
2282,JaveMeann
2283,Jaxbourne
2284,JayAlkhater
2285,Jayewho
2286,jayhizzo23
2287,JaykersP18
2288,JaymieP
2289,jaymilyne
2290,Jayneeee2
2291,jaynewhite
2292,JayReal10
2293,JaySkyMsgv2
2294,JazzNews
2295,jazzy_girl7
2296,jbafaith
2297,jbieber_babyyy
2298,JBieberomance
2299,jBieberSayNever
2300,JBieberSayNever
2301,JBiebzBraces
2302,jbjgirl72
2303,JBShawty_96
2304,JCBua
2305,jcllkoc
2306,jcosoroaba
2307,jd_1207
2308,jdbieber_luv
2309,JDBieberWorlds
2310,JDBLivesonEarth
2311,jdnewbs
2312,JeanEricYall
2313,jeaneugene92
2314,Jed_Torres
2315,JedAteMyHeart
2316,JeddysGirl
2317,jeelene
2318,jeffbullas
2319,Jeffnfun631
2320,jeffreypjacobs
2321,jeffsyariefM
2322,jellofart
2323,jellybellyrocks
2324,Jellybellys78
2325,Jellyman4
2326,jena5115
2327,JengIcal
2328,jenjeahaly
2329,JenLant
2330,JenLauraDV
2331,JennaBethBowen
2332,JennaMorasca
2333,Jenngrrrl
2334,jenniferagsdale
2335,jenniferthorpe
2336,JENtotheAI
2337,jenweber84
2338,JeremiahFelt
2339,JeremyBouche_Eh
2340,JeremyTan27
2341,Jerod1981
2342,Jeroenrs
2343,JerseyBred323
2344,JesperBylund
2345,jessbellina
2346,jessefritschzy
2347,jessekb
2348,jesselynwijaya
2349,Jessey112FAN
2350,jessfiasco
2351,JessHughes1994
2352,jessicacutinha
2353,jessicarrrx
2354,jessiicajones
2355,JessTrafford
2356,jeuelc
2357,Jews4IMPEACHbho
2358,JF5292
2359,JFancie
2360,JGreenberg81
2361,JGuccIBoy
2362,JhaneDOE
2363,jhayveeygdls
2364,jhberges
2365,jhchin
2366,JHKleschinsky
2367,jhonny266
2368,jhoysradt
2369,jibinmadathil
2370,JilleSharpe
2371,Jillik
2372,jimberlywong
2373,jiminthemorning
2374,jimipike11
2375,Jimmy_105
2376,Jimmy_Sniper
2377,jimshi809
2378,JINX2001
2379,Jitters13
2380,jjaarrrroodd
2381,jkahane1
2382,jkatelyn817
2383,jmarvin2
2384,JMBO01
2385,jmmaury
2386,jmpal32
2387,jneuss
2388,jnsmooth22
2389,Joannesarahxx
2390,joaopaulom
2391,Joatmoa69
2392,jobbibo
2393,joblance_jobs
2394,JobLosAngeles
2395,jobrotherslove
2396,jocan2009
2397,jocee_barrera
2398,joehanda
2399,joellakris
2400,JoeMcLaren
2401,JoePTomlinson
2402,joeypastasauce
2403,JohanHP
2404,JohnDalziel
2405,JohnGotty
2406,johnisdonefor
2407,JohnOwen99
2408,jojo_eua
2409,Joleneaiyah
2410,jon_largent
2411,jonandrews13
2412,jonarogers
2413,JonasBieb_Avril
2414,jonascheer
2415,JonasFan_07
2416,jonathanbonchak
2417,jonathanjholden
2418,JonathanSwift79
2419,JonDaGemini
2420,JonDaPoet
2421,jonisick
2422,jonitchr
2423,jonkillerfilm
2424,jonmhowells
2425,jonniiboii82
2426,JonnyGoldsmith
2427,jonthemint
2428,jonver0123
2429,joojo0
2430,joomlahoster
2431,JoostenMelissa
2432,JordanBayley28
2433,JordanMairs
2434,jordanmerrick
2435,jordanmickey
2436,Joschy_Eien
2437,joseph_yi
2438,Josephgcharlton
2439,JoshSchwartz76
2440,joshuadstrange
2441,joshuamck
2442,joshuamneff
2443,jotapelopes
2444,journeyingjames
2445,Journeywoman
2446,jovrien
2447,joy2knit
2448,joyszeredi
2449,JPlovesCOTTON
2450,jplweb
2451,jpmartineau
2452,jprezioso
2453,Jrealdeal
2454,jrichardson76
2455,JRtheThird
2456,jryan9307
2457,jsheaisaninja
2458,jsmcintyre
2459,jstogdill
2460,jtsveer
2461,juicyful
2462,JuJu844
2463,jujuraptor
2464,Julaberry
2465,JuleeDi
2466,Julenekaizan
2467,julesrivera
2468,Juli_Lou
2469,juliantodj
2470,JuliaVerne
2471,julie_insane
2472,julieaspland
2473,juliekaewest
2474,JulieTheBlogger
2475,Julirose
2476,julllietbby
2477,jumpingcastle
2478,JuniorX569
2479,jusblaaze
2480,jusblythe
2481,JusPrettyMe
2482,justabs06
2483,justagirl004
2484,JustASpur
2485,JUSTICE4DUSTY
2486,justinax0
2487,justinbieberblf
2488,justinbio
2489,Justinex123
2490,JustinHairFlip_
2491,justinlafleur
2492,JustinMurphy
2493,JustinsAngelo9
2494,JustinSaysThis
2495,JustinsMyBieber
2496,JustinStockford
2497,JustMaddy_
2498,JustRyan
2499,juvyanna
2500,jvcorner
2501,jvleuzzi
2502,jwhollis
2503,jwilson1981
2504,JWTravelLeisure
2505,jyost1
2506,K_Hummel
2507,kaaliya
2508,kaBAMesha
2509,kacietay
2510,kaeelly
2511,Kaittimothy122
2512,kakirlin
2513,kaleidescoped
2514,kaleidoscopique
2515,kaleyahc
2516,kammerait
2517,kannmi6
2518,kaorie3
2519,kar3ns1ta
2520,karaminabilahh
2521,KaraODea
2522,KAREN_JAG
2523,KarenCampbell
2524,KarenGrrawr
2525,karenkougar
2526,karlabry
2527,karlfisch
2528,KarlKlementFord
2529,karraleva
2530,KarriOwens
2531,kartheeban
2532,kas406
2533,KasDev
2534,kastel
2535,katealexinglis
2536,KateChristopher
2537,KateSherrod
2538,katherinemoya7
2539,kathranzen
2540,kathrynb94
2541,katie4rockstar
2542,KatieNK
2543,katieschultz08
2544,katjavdz
2545,KatlehoMolai1
2546,KatrinaTweets
2547,kattriinaaa
2548,katwag
2549,KaTyList
2550,KatyShplar
2551,katzmandu22
2552,KawaiiCoven
2553,kawaiijamie
2554,kawehdashti
2555,KayJay_FP
2556,kayla_kirbz
2557,KaylaMarieRoss
2558,kaylieke
2559,kaynholhp
2560,kayru
2561,kaywoodard09
2562,KBailey7
2563,KC616
2564,kdswisher
2565,KeepAustinWierd
2566,KeepWerking
2567,keewood
2568,keithoys
2569,keithseow
2570,Keity0nWings
2571,kelljohnson
2572,KelluOlen
2573,Kelly_louise
2574,KelseyLeah
2575,Ken_Donnelly
2576,Kenab2010
2577,KenaBugg
2578,Kendylahlah
2579,kennethmonster
2580,kenny_simpson
2581,kennys229
2582,kenyata317
2583,Kenzie20
2584,keralafarmer
2585,keshavmohta
2586,KESHLUVZSHAHID
2587,kevinhung2
2588,KEVINLOO
2589,KevinMcHaleFans
2590,kevinpotts
2591,KevynkittyROAR
2592,KeyKeyBoomBoom
2593,kezereth
2594,khal
2595,khalde4790
2596,khansachavarina
2597,kharema
2598,kharis3011
2599,kharittha
2600,khenshaa
2601,Khodo
2602,khunniefacts
2603,khunyoungfact
2604,KhyleDeen
2605,kiassy
2606,kidehen
2607,Kidkid50
2608,kidshealthtips
2609,KieraDani
2610,KieranD
2611,kieranfrost
2612,kierantweets
2613,kierram
2614,kiiiara
2615,kikioo
2616,KillMarie
2617,Kimberkins
2618,kimchong
2619,Kimmiecoomd
2620,kimswan
2621,kimthedork
2622,KingR_
2623,kinnesama
2624,KiRaThAnZ
2625,Kiro451
2626,kirstaaayDORI
2627,kirstypancake
2628,kirstysavedisco
2629,kisione
2630,KisMeHow
2631,KissableKimmy
2632,kit_kForce_d43
2633,KitaSade
2634,Kitkat_Taylor
2635,kitkatebider
2636,Kitsuno
2637,KittenMelanie
2638,kittyandro
2639,Kiwiseabreeze
2640,kiwran
2641,kizack
2642,kjajodia
2643,kjbb28
2644,KJjournalist
2645,KJSpokenWord
2646,kk327
2647,Kklassuk
2648,KlausClodt
2649,KlausWoizik
2650,kmachielsen
2651,kmgirl
2652,kmstahl
2653,knightbeatsday
2654,knightstalker
2655,Knikov
2656,knittingnews
2657,KnollMountain
2658,knutsfordtimes
2659,KoenLaureij
2660,Koifla
2661,KooolKattt
2662,KOOPradio
2663,Kopyright
2664,kornerkottage
2665,kplakonas
2666,kram3rRO
2667,krazzykala
2668,kreedle
2669,krezi_g
2670,krisfarley
2671,KrisStewyyLove
2672,KristaBrydges
2673,kristen_baby
2674,Kristinchanelj
2675,KristoferCowles
2676,Krizdictator
2677,krystman
2678,KSay4SF
2679,Ksilebo
2680,KSLaYdeM
2681,KtheLIGHT
2682,KTinVA
2683,ktneely
2684,KTomlins
2685,ktrnrf
2686,kundan2971
2687,kurai_rei
2688,kuroba
2689,kurtisparks
2690,kutLyn
2691,KwameDarkoMusic
2692,kwikermoney
2693,Kyle1Carter
2694,kylebrandon10
2695,kylestre
2696,kymmiCEElive
2697,KYTXSpooner
2698,L_The_Panda
2699,L0ne_sl
2700,l0vEALiy
2701,La_Monster_x
2702,labancity
2703,LaBellaJonelle
2704,lachicamamasita
2705,Lachmans
2706,lacilaplante
2707,LadieBSmith
2708,ladii_nessax3
2709,LadyGaga_Army
2710,LadyGaGatour
2711,ladygunpowder
2712,LadyLyeLah
2713,LadyMarianD001
2714,ladyxtel
2715,LAHOTMAMA2
2716,laisbitencourt_
2717,laisrodriiguees
2718,lakdasun
2719,lala_lauren
2720,lalatimothy
2721,LaMan318
2722,lanebnu
2723,LanMulan
2724,Lannick_Tech
2725,Lanora5
2726,LansingLugnuts
2727,lanuge
2728,Laphotogallery
2729,LAPressnews
2730,laraaaaax
2731,Laradio
2732,larasemut
2733,larryflint810
2734,LarryMadowo
2735,LarryRenner
2736,laryrs
2737,LashesbyToya
2738,LATEST_UFO_NEWS
2739,Latiifaaah
2740,LatinaBella
2741,latoyalee84
2742,lau_merritt
2743,laughterkey
2744,laura_hudson
2745,lauraa354
2746,LauraELL
2747,lauraregragui
2748,lauren_mullaly
2749,LaurenceCox1
2750,laurendove
2751,laurentweet
2752,LaurieMichelleR
2753,Laurorr
2754,lavishloy
2755,lavitaisabella
2756,lavitong
2757,Laxplays
2758,lazaruchi
2759,LazyExperiment
2760,lazymamadesigns
2761,lazynandaa
2762,lbalbio
2763,lcpeek
2764,ldykj
2765,LeadToday
2766,LeahNa4
2767,LeahScizurhandz
2768,Leannebiebaby
2769,leanyyy
2770,learnscape
2771,ledeCastro
2772,Leeannegeddon
2773,leeLUFC
2774,leesagreig
2775,leginaasri
2776,lehightower
2777,Leila_SPIN
2778,leiraseth
2779,LeKinkyTwilight
2780,leo_caldeira
2781,leokuba
2782,leostradivarius
2783,leqeartts
2784,ler_che
2785,Lesha_Lisha
2786,LesNoodelos
2787,LetBieberTrends
2788,Letzliveagain
2789,Levi117
2790,LevyWicaksana
2791,Lewiiiii
2792,LewisH1
2793,LewisVLopez
2794,Lexaboo7
2795,lexiArchie
2796,Lexington_Alert
2797,lexscriptaesq
2798,Lexx82
2799,leylanajafli
2800,LeyMarieCel
2801,LforLiLO
2802,lgraiver
2803,lhaggood
2804,lhianjho
2805,lhjh70
2806,lhlife
2807,LHospitalistJob
2808,Liafonseca
2809,lianagratieri
2810,lianamorgalins
2811,lianneover
2812,libiafranco
2813,Lidyamld
2814,Liekebakker
2815,ligelheigl
2816,LiiViiN4_TYMA
2817,likethepaint
2818,lil_b27
2819,Lil_Be
2820,lil_dude_94
2821,lil_miss_diva13
2822,LilCleo17
2823,lilcport
2824,LilDiva08
2825,Lilian_Ps
2826,lilnanci
2827,LILVIJ
2828,LiLWiLAp3
2829,lin428
2830,linamulyana
2831,LinaWicked
2832,lindaconstant
2833,lindawarren
2834,LindLim
2835,Lindy1724
2836,linemonteiro789
2837,ling_chan
2838,lingual
2839,LinkHound
2840,linlinxie
2841,linux29
2842,Liny_Kruger
2843,LinziCoulter
2844,LioRuNo
2845,LIRRDeals4u
2846,Lisa_McFarlane
2847,LisaaCanFly
2848,LisaClaret
2849,LisaDiVirgilio
2850,lisakaitlin
2851,LisaSanchez3
2852,LisbethMartinez
2853,LiseyLin
2854,lishakate
2855,listen2lauren
2856,LiteBriteDyme
2857,literaryhall
2858,litford
2859,littleamy_x
2860,littlejusays
2861,littleladylove
2862,littleleola
2863,liuxiangxiang
2864,livelifefull64
2865,LiVingLaVisHLaY
2866,LizB
2867,lize1989
2868,lizrawr
2869,ljohndotnet
2870,Llanos24
2871,lLoveMeepok
2872,LLvina
2873,lnning
2874,Lo_Michelle
2875,loansome_pine
2876,lobbiaz
2877,LocalGirlJanai
2878,LocalKhemistry
2879,LockwoodKT
2880,LoganLermanNews
2881,Lojikal
2882,lolaaugustine
2883,LolaHedoOnline
2884,LolaShoes
2885,lolkatzz
2886,Loloh02
2887,London_Boi24
2888,london_bride
2889,LondonNow
2890,londonwired
2891,LOOKlatlPLA
2892,lorecca
2893,Lorenalane
2894,lorenna_doll
2895,lorilori11735
2896,losanjalis
2897,loss4words81
2898,lottefearless
2899,lotus_f1_team
2900,lotusday
2901,Loud_Pak_Mak
2902,louhaffner
2903,LouisTrapani
2904,loujanae
2905,LouWoozDavies
2906,LoV3QAlyEss3
2907,Love_World_Live
2908,love134ever
2909,LoveADiva
2910,LoveApit
2911,LOVEdanig
2912,loveforlaughing
2913,lovejj_33
2914,LoveMyDroid
2915,lovepethealth
2916,loves2love
2917,lovingminds
2918,LRahevar
2919,lsdee
2920,Lslorr
2921,lstierney
2922,lu_moscatelli
2923,LucBlessedIsMe
2924,lucecakes
2925,luciousbryant
2926,LuckyBabeyy
2927,Lucy_Thomson
2928,Lufkin_Weather
2929,Luis_Dias7
2930,luisa_menezes
2931,luisanaromero
2932,lukag
2933,LukeHoosTawking
2934,lukeslytalker
2935,Luminaca
2936,lumumbabibbo
2937,lunedagy
2938,lupiilu
2939,lurvmariel
2940,luvkoh
2941,luvmuhlife
2942,Luvumanesa
2943,Luxuria6
2944,LXESTRADA
2945,LydzNaomi
2946,lykakrisha
2947,lyndajess
2948,LyndsayMcKay
2949,lynnbryn
2950,lynnshine
2951,lynseybutterfly
2952,lyricalphenom
2953,LYStandalone
2954,M_Dot_Plater
2955,m_rogue23
2956,m5manny
2957,ma_ttie
2958,maarodrigues15
2959,mabelzora
2960,machapocky
2961,machostacos
2962,mad_fan
2963,madamding
2964,MaDaMe_BELTIFI
2965,madamneka
2966,Madeline6000
2967,MaderaP
2968,madkatfan
2969,madnizz
2970,MADRE2425
2971,madsingerJJ
2972,Madunks
2973,Maeveonnaise
2974,maggiehendricks
2975,Maggot1972
2976,maggpieseye
2977,Magic20099
2978,MagicTouchLamp
2979,magnj
2980,magnumsboathous
2981,MaineBirder
2982,makeyourself42
2983,makopafleva
2984,Malathronas
2985,malaysiasports
2986,MallyDaModel
2987,mam1420
2988,MaMaMichellina
2989,managedforexcom
2990,manano89
2991,Manchester_Now
2992,Mangusu
2993,manhattanspeak
2994,Manilaconcerts
2995,manueldiaz
2996,mapboule
2997,mar_clinton
2998,MarathonMissfit
2999,marbiedavies
3000,marccauthon
3001,MarcelPardon
3002,marcelsel
3003,marchellexD
3004,marcin120621
3005,MarcinKawa
3006,marcospsuv
3007,marcovoets
3008,MarcyVF
3009,MargaretMonday
3010,marhamy
3011,Mariadelasmerce
3012,MariaFernanda_M
3013,mariafrey
3014,MarianneJ48
3015,MarianoAVAFOREX
3016,marichuchi16
3017,mariealicia1
3018,MarieAsaria
3019,MarieJoseGMH
3020,MarieLoum
3021,MarieluvBieber
3022,mariialauraa
3023,marisalles1
3024,marisasharpe
3025,Mariskaax
3026,MarkDavids12
3027,MarketingMel
3028,markie4416
3029,marklf
3030,MarkMardell
3031,markpaul2020
3032,markreale
3033,Marksmoment
3034,MarksMyBarber
3035,MarksPhone
3036,marktaylor79
3037,marktonks
3038,marleysky
3039,marlihaza
3040,MarlowCF
3041,MarquesKs
3042,marry_be
3043,marsirap
3044,Martynode
3045,martyrologist
3046,MarvelousIdea
3047,marvinzalowitz
3048,mary_scosta
3049,MaryfkaCrazy
3050,MaryLee13
3051,MarziLaMort
3052,mastercleaner
3053,masterwebmark
3054,matmurray
3055,matt_keenan
3056,matt_pc
3057,MattARobertson
3058,MattCundill
3059,matteomanzini
3060,MatthewForeman
3061,matthewhughes
3062,matthewjhoward
3063,MattieBoy92
3064,mattiedj
3065,mattjhutch
3066,mattliptak
3067,mattprivett
3068,mattshultz
3069,Matty_London
3070,Mattylockhart
3071,matwhi
3072,Max_Stone
3073,may_is_me
3074,mayarue
3075,MayaVonDoll
3076,maylinee
3077,mayman
3078,MayoClinic
3079,mazbintang
3080,mazdaqueen05
3081,MBalla_Baby
3082,MBFMalta
3083,MblaqWorld
3084,MCaballeroo
3085,McAshh_Xx
3086,McflyLover64
3087,mchancha
3088,McRrOcKeR655
3089,mcschoon
3090,MeantToBeWed
3091,mediadeo
3092,MediaTsarina
3093,MedicalConnect
3094,meditatinggods
3095,MediumEmma
3096,Medscape
3097,MegaCocksBound
3098,megan5PENCE
3099,meganmachine
3100,megannx15
3101,megasenter
3102,meghan_says
3103,meghoulihan
3104,MegTao
3105,mEGzYbxx
3106,mehrzee
3107,meirina_y
3108,MeisterMat
3109,MeiWei7890
3110,mejoshua
3111,MeL0150
3112,MelanieHoffmanC
3113,melanziggy
3114,melaroza
3115,MELBY_LYNN
3116,MelindaxRoar
3117,MelissaPaige2
3118,melissarc97
3119,MelissaSHINee
3120,melitanyaprince
3121,mellank
3122,mellibunny
3123,mellowmonday
3124,Melmothulhu
3125,melodicbabble
3126,memebombbot
3127,meninadopanda
3128,MenMenstruation
3129,mentalacrobatic
3130,MeowYeo_09
3131,mercedesashley
3132,Mercy_Mordecai
3133,meredithwhitney
3134,MereeBear
3135,meriamsijagur
3136,merimaat
3137,MerrittPR
3138,merveQueen
3139,metalislive
3140,Metaphysicalist
3141,metavirtualSL
3142,MettaThio
3143,meyrina46
3144,mfoord
3145,mgorostegui
3146,mgshowtime
3147,mhanbai
3148,MhdBadi
3149,mhonig
3150,mhumu
3151,mhz27
3152,Mia_angel92
3153,micayla
3154,michaelcjordan
3155,michaeldrocket
3156,Michaelhuyouren
3157,michaelinmiami
3158,michaelkruse
3159,MichaelMada
3160,michaelmurphy
3161,michaelpaschal
3162,MichaelTrebony
3163,MichAtagana
3164,Michelle365
3165,MichellePapas
3166,MichelleWegner
3167,Mickey_ru
3168,micki38
3169,Mickland78
3170,Mickle75
3171,micohalili
3172,MidtownJobs
3173,MidwestCouture
3174,MiggleM
3175,mightymahi
3176,Mikaoru
3177,Mike_Ode
3178,mikeandike2
3179,mikecarrier
3180,MikeHasTweets
3181,MikeInns
3182,mikeisbrill
3183,mikel234
3184,mikemorisi
3185,MikeRWField
3186,MIKES_WEB_PAGE
3187,MikeSal_
3188,mikey_MMA
3189,mikhailbaynes
3190,Mikkaa
3191,MIkkeyMouse17
3192,miky24
3193,MiLeeVi
3194,milforddaily
3195,Milka_xd
3196,mill_
3197,millycupcake
3198,MinajUniversal
3199,MinamoKaze
3200,minasalterego
3201,MindOfMo
3202,mindylovesrolan
3203,minkofortuna
3204,minori_tk
3205,minwoo95
3206,mirandabnorris
3207,mirandalvsJB
3208,mirandaputri
3209,MirjamSluis
3210,Miscmum
3211,Mishaalhk
3212,miskoom
3213,miss_chuch
3214,miss_jennjenn
3215,Miss2oo
3216,missangelalexis
3217,missawe
3218,MissFalore
3219,MiSSGeTTnMOnEY
3220,MissHME
3221,MissJenGrieves
3222,Misskeepit1oo
3223,MissKikeB
3224,MissMaDamn
3225,MiSsNaNa86
3226,MissPal3sa
3227,MissPriyaP
3228,MiSSRYD3R
3229,MissShuganah
3230,MissSianVick_xx
3231,missusblack
3232,MissVitina
3233,MisterLucky13
3234,MisterMyndGamez
3235,MisterPrankster
3236,misterscotland
3237,misty_mgk
3238,mistydubs
3239,MitziConnell
3240,mixonau
3241,MiZ_MaRkS
3242,MizBrizzy
3243,mizkorona
3244,MizsChuly
3245,MizSDoT
3246,mizuira
3247,mizursi
3248,MizzCaliBaby
3249,MizzlilGbAbY
3250,mizzostarr
3251,mjmutuma
3252,MK_4_MJxo
3253,mkat81
3254,MKausA83
3255,MKELive
3256,mmGood1200
3257,MMHero
3258,mmrobin
3259,mnauj
3260,mobiledivide
3261,MobNetworkPhone
3262,mobrowne
3263,Mochah0ntas
3264,modernreject
3265,Moeneeke
3266,MoinAbrar
3267,mojowrites
3268,moldservices
3269,Mollydamoo
3270,MollyMarler
3271,Mollymoneymaker
3272,mombox
3273,momcamp
3274,MommasGoneCity
3275,mommy_grrl
3276,MommyNeedsANap
3277,MommyPulse
3278,Mommysavers
3279,momodree
3280,momoney2
3281,monaghanpenguin
3282,MonBPadillo
3283,MondoDan
3284,MoneySavingMadn
3285,MoneysBack2010
3286,monicadomi
3287,monique_bailey
3288,Monkey456lol
3289,MonkeyCanTalk
3290,monsieurnguyen
3291,Monsterjobs_uk
3292,Moogiiee
3293,mooney_1901
3294,mooongmi
3295,Mopasol
3296,moppelkotzer
3297,morekid
3298,morgainemay
3299,MorganPrice
3300,morganruby07
3301,MortgageBankrPA
3302,MOSSBERGDABEAST
3303,MostWantedAlien
3304,moTas9001
3305,motherhoodtips
3306,MountainBikng
3307,MovieMeToday
3308,mpaines
3309,MPhillz
3310,Mr_Amati
3311,Mr_Geoff
3312,MrAaronNYC
3313,MrAl_P
3314,mrbsmith81
3315,MrChom
3316,MrChrisPryor
3317,mrdertymoney
3318,MrGoogleAlerts
3319,mrh37
3320,mrichard04
3321,MriPhoneFTW
3322,mrj2thap
3323,mrlacey
3324,mrMACYS
3325,MrNewera59
3326,MrNYCity
3327,MrPerfect066
3328,MrsDemiL
3329,mrsefronbieber
3330,mrseyebalpaul
3331,mrsjgx
3332,MrSmith120
3333,mrtalmadge
3334,MrTroyPhillips
3335,ms_rydoll
3336,msdisdain
3337,MsElleJones
3338,MsElmoz
3339,msevefans
3340,MsFocus1
3341,mshaherwala
3342,mshatzerDC
3343,mshollywood2u2
3344,MsIgnited
3345,msiy808
3346,MsJTalkOfHarlem
3347,msjuliecoggins
3348,mskhemet
3349,MsMandaB
3350,MsSecretsADimE
3351,MsSimplyFlyy
3352,MsTCaldwell
3353,mtc01
3354,mtechman
3355,mtgrace
3356,mtl_Marie
3357,mttsm
3358,MuffinFreakz
3359,mukongo
3360,Mulatto_AsianQT
3361,Munashik
3362,murphlefevre
3363,MurphyEmmett
3364,murphyfurman
3365,MushiPanda
3366,MusicaPlayTV
3367,Musiccitygal
3368,musiccomposing
3369,musicgarnett
3370,musicsarah2005
3371,musiq35
3372,muthiargh
3373,muthiass
3374,mutimuter
3375,mvdherik
3376,Mvleerdam
3377,MvPlymouth
3378,mwardzynski
3379,MWILLPower
3380,mxlaushi
3381,My_Forex_Empire
3382,mydroid2010
3383,mygreenorchard
3384,myhairdressing
3385,MyHottAsh
3386,mynossseee
3387,myself_smk
3388,MyStarSign
3389,mystclair
3390,mystih
3391,Mytak
3392,MyWednesdays
3393,Mz_TiTi
3394,mz_todd2yu
3395,MzBDominique
3396,MzChynaDoll
3397,mzfancyfly
3398,mzQuattaB
3399,MzSexciiTeresa
3400,MzYayraTayDB
3401,MzYummyDread
3402,N_icolette
3403,N0NfictionFEE
3404,n19802010
3405,naaabilla
3406,nabillaf
3407,nadhyrrah
3408,nadyalady
3409,nadyasekarini
3410,nadyasudradjat
3411,naelost
3412,Naemaa0908
3413,nagaraniyuki
3414,naijaperiscope
3415,Naimiri
3416,najanindya
3417,NakedRafi
3418,nakulshenoy
3419,nanalicious921
3420,NanaStout
3421,nanisalleh
3422,nannydcs
3423,nanodudej
3424,Naomi631
3425,natalia_lobo
3426,nataliamckail11
3427,nataliebaker
3428,nataliechai
3429,nataliecurrie
3430,NatalieNikohL
3431,natalinko_
3432,natasyanata
3433,Natdabrat_1
3434,nate_ringenberg
3435,nathan_theone
3436,Nathan_V_Smith
3437,Nathan11P
3438,NatKimKEY
3439,natnatsays
3440,natsbrain
3441,natsbrito
3442,NaturallyANNI
3443,nauvankientang
3444,NaveedZuberi
3445,navygirl_ruth
3446,nazpaz
3447,ncartel
3448,nd1969
3449,ndahpita
3450,ndeviltv
3451,nealcampbell
3452,nealtucker
3453,NECN
3454,NECPhones
3455,Nedda123
3456,neeeeeem
3457,neeksmoney
3458,neenco
3459,neerite
3460,neesie_vette
3461,Neil_a_bix
3462,neilgrayson
3463,NeilJackson1
3464,neiljamesh
3465,Neishababee
3466,Neisy_M
3467,nellclothing
3468,nellleo
3469,nelly061
3470,Nemaleesha
3471,neofito64
3472,Neoprime
3473,NERD_BRIT
3474,nerdidoto
3475,NerdUno
3476,nesiabrilliant
3477,Nesprinsesje
3478,netofficials
3479,neumagazine
3480,neverlou
3481,nevershoutjordi
3482,nevshinizzle
3483,new_york_post
3484,newgadgetworld
3485,news_library
3486,newsbuzzer
3487,NewscasterStew
3488,newsfeeding
3489,NEWSINATORS
3490,NewsInFashion
3491,newsssy
3492,NewsUnlimited24
3493,NewYorkKYork
3494,Nezza_x3_
3495,nfremd
3496,niallharrison
3497,NiamhL
3498,nibbler83
3499,nicalorena
3500,nichegalore
3501,nicholasjulian
3502,NickeyFresh
3503,NickHS
3504,nickicks619
3505,nicklucido
3506,nico_ocampo
3507,nico117
3508,nicolaasvrvo
3509,NICOLEADD
3510,nicolely1
3511,nicolerusli
3512,NicoleSexyLips
3513,nicopoli
3514,NidAggarwal
3515,NielsINT
3516,niemasross
3517,nigellikesducks
3518,nightop
3519,nik_sam
3520,NikeSB_23
3521,nikhilchinapa
3522,nikkibsgo
3523,nikkigoh
3524,nikkilb0918
3525,nikkiniccs
3526,NikkiWalker2412
3527,NikkoSongWriter
3528,nileshhathi
3529,NileyComet
3530,NinaSparrow
3531,ninbrasali
3532,NinersNation
3533,ninety8
3534,ninja3_14159265
3535,NinjaHaiir
3536,ninjasinger
3537,NIOTHAGIFT
3538,nirroca
3539,nisanisnis
3540,NismahOsman
3541,NiTrO_Gv_FaM
3542,nixabix
3543,NJRizo
3544,nkbme
3545,nkosy_ferosh
3546,nksheridan
3547,no_breastcancer
3548,noahlz
3549,noahsarc1
3550,Noble2012
3551,NobueIto
3552,Nochecazador
3553,noelevz
3554,Noelle_WasHere
3555,noelleaquino
3556,noizou
3557,noknow
3558,NollyWolly
3559,NoMoreThinking
3560,nonnatrish
3561,NoNolovetimes
3562,nonotech
3563,nopitychen
3564,NordicMoxie
3565,NorstarPhones
3566,NorthPointCJD
3567,notsoprivateja
3568,Novatherebel
3569,Noviaamydy
3570,nprnews
3571,Nsideman
3572,ntotheitothec
3573,NTSHIWA_M
3574,ntuli
3575,NugrahaSaputera
3576,num1son
3577,numetalbrando
3578,nurseantonio
3579,NurseKBreezy
3580,nurulsujianto
3581,nushy0214
3582,nwafoodie
3583,nyapartments
3584,nyc14
3585,nycassistantjob
3586,NYCFLORUS
3587,NYKEBA
3588,nzcampbell
3589,o_lucky_me
3590,O_M_Gina
3591,O_Shaw
3592,o00hLaLaaah
3593,OakleySA
3594,OandAshow
3595,Oatz
3596,obasigeorge
3597,obibblesworth
3598,obobME
3599,Octavia_Dena
3600,OfficeJobsDC
3601,Officialpayne
3602,oggidentha
3603,ohdearnicole
3604,ohellyeahh
3605,ohEunice
3606,ohitsyoojee
3607,OhMahWerd
3608,OhMyJoshX
3609,ohWOWshestall
3610,oilminister
3611,oilpatchgirl
3612,ojp_by_ethnomoe
3613,OK_Bettsy
3614,oklahomanick
3615,okrebel21
3616,OKusedcars
3617,oldphoneworks
3618,Olenciaa
3619,oleolefussball
3620,omacoro
3621,ometc
3622,omgelvis
3623,OmgGuessWhat_
3624,OMGitsbiedles
3625,omheey
3626,Omroepnl
3627,ONDREYAH
3628,One_Love_Sierra
3629,OneLove116
3630,onemadhatter
3631,onesmartmutt
3632,OneSmugPug
3633,onetakedizzle
3634,OneTimeBieberx3
3635,onewhoharms
3636,onglauren
3637,ongliyan
3638,Only_Camille
3639,OnLy1Fac3
3640,OnlyCyrus
3641,OnlyLittleLori
3642,OnlyMissCarter
3643,OnlyYouBieber
3644,onmejack
3645,onnett_it
3646,OnTheBaseline
3647,ony_bon
3648,OooMIKEYooO
3649,Ophelia_Key
3650,opiopi
3651,opittman
3652,ops4lyf19
3653,optimistic777
3654,optimusmedia
3655,orchestrajb
3656,OrderOfMen
3657,orlaithb
3658,Ornch
3659,ORNELAA
3660,ortson
3661,oscarcrawford
3662,Oscarier
3663,oscarmoralesg
3664,OscarSanchez88
3665,OTBTweets
3666,outdoor_ads
3667,oxfordbands
3668,oxfordfalls
3669,ozmusiq
3670,p_grimes
3671,Pacewon
3672,pacifistfish
3673,paengmarga
3674,paharvey
3675,PAHJr
3676,paiigeRAGE
3677,paikorus
3678,PamCase
3679,pamelamuldoon
3680,pandey_sachin
3681,pandiyarajan
3682,PANICitsAshy
3683,paolochua
3684,PAPerezLEGEND
3685,pappyg
3686,paqmanband
3687,Paranoimia
3688,paranominal
3689,Pardon_S_Carvin
3690,ParentlineplusN
3691,ParkJungrin
3692,pasadenaterrib
3693,PastorShan
3694,patdavila
3695,patently
3696,PatGodwin
3697,Patio_Designs
3698,patrickdebois
3699,PatrickDeW
3700,PatrickGHoward
3701,patricksteki
3702,patriottweeters
3703,pattianne70
3704,Pattilovesmusic
3705,pattylaurel
3706,Patweathington
3707,patycase
3708,Paul__Duggan
3709,paulbjuh
3710,paulf1972
3711,paulinechloexxx
3712,paulnvisionz
3713,paulrance59
3714,paulwall561
3715,PaulWesleyFanz
3716,paulxl
3717,PawMalon
3718,Paxx8
3719,payettmurgruabo
3720,pcordesracing
3721,Peace_Love_Kris
3722,PedroC88
3723,peejmele
3724,peffrio
3725,peneplain
3726,PENETRATEMYMIND
3727,Penguin4120CP
3728,pennieyensun
3729,penultimateokgo
3730,PeppermintOcean
3731,Perfect_dAngel
3732,perkypickle
3733,PerlaaKidd
3734,petallagata
3735,peteraplumeri
3736,peterfabricius
3737,petesede
3738,pgdorgan
3739,PH_lamberts
3740,pharinaa
3741,pharmnikki
3742,PhiBetaSinger
3743,phigerian
3744,phil_pendlebury
3745,philippebord
3746,PhillipsPhamily
3747,phillyaws
3748,PhilM74
3749,PhilNolan3D
3750,phjoshua
3751,phllystyl
3752,phoenix_chic
3753,phoenix_ws
3754,phoenixx24
3755,photovox
3756,Phsyckr
3757,phyllgerry
3758,PhysiciansSD
3759,pia_glamour18
3760,piahontiveros
3761,picsarch
3762,PicsbyNick
3763,pierce4me
3764,piglet2013
3765,pil4eva
3766,pimlico_flats
3767,pimpboy75
3768,PinkBarbieLayc
3769,PinkBubblesS
3770,Pinkcess_Ash
3771,pinkcullen20
3772,Pinky_Sprinkles
3773,PiratingPete
3774,pishipotty
3775,piwjob_de
3776,PlacesCT
3777,PlanetLovato
3778,plawmac
3779,plus_level_5
3780,plushdinosaur
3781,pmdeleon
3782,pnlorenzo
3783,POBOX_TheBronx
3784,pochexican
3785,podcaststeve
3786,PointBlankJ9
3787,poker_tips
3788,Polo_Stan
3789,polyfetishist
3790,PoMoGolightly
3791,PontoonDock
3792,pontycyclops
3793,poochi_mama
3794,pooling_1
3795,pope88
3796,Poplar_Bluff_WX
3797,PoppyIsMyName
3798,pornsterSOMC
3799,Porschanel
3800,PortalRTBOT
3801,PositiveAchieve
3802,Postadvertiser
3803,pozmanicus
3804,ppadzz
3805,Pr1me
3806,PranantyoNaufal
3807,pranshu
3808,prasojolaras
3809,praxishabitus
3810,PRcomCalifornia
3811,PrcutieKelz
3812,prepxtra
3813,PrettiePlzMissC
3814,prettybenja
3815,PrettyBOii5waqq
3816,PrettybrownPoca
3817,PreTTyDiiAm0Nd
3818,prettywiitswaqq
3819,preyatillo
3820,Pria2bWi
3821,PrideMeJobs
3822,Prima_Bella
3823,primacylife
3824,prime102805
3825,PrinceMase91
3826,PrincesMonica
3827,princesslilac
3828,Princsy
3829,pringgo_
3830,PrisonMonkeys
3831,Pritt
3832,Priya_loves_VO
3833,prnohanoir
3834,probefahrer
3835,ProducerJHall
3836,productive01
3837,Profitina
3838,PromoDaveFOC
3839,Proper_Negro
3840,ProperASSbtch
3841,propertypiper
3842,Proudfoot4edu
3843,prushe
3844,Pseudoflex
3845,psjennaaax
3846,psstHOY
3847,psunate77
3848,psychbot
3849,Psymonkee
3850,ptriciaisabella
3851,puddtra
3852,Puff_My_Piff
3853,puleen
3854,PulpNews
3855,PulseonGoogle
3856,pumperninkel
3857,PunditMom
3858,punniepunch
3859,PupaKat
3860,puppbarber
3861,PureFavor
3862,PurgatoryTees
3863,purity_of_arms
3864,PurpleBieber08
3865,PurpleBrina17
3866,purplefae
3867,purplepleather
3868,Purpos3lement
3869,purposh3ll
3870,putche
3871,puti_sarah
3872,putrisoler4
3873,putriwiredjo
3874,PUTRRS
3875,puzzywoo
3876,pyromanics
3877,QKTruong
3878,qorqeousFAGG
3879,QuackerJackToys
3880,QuaCocoLoco
3881,QUEEN_DFLO
3882,Queen_Telly
3883,queenaryuni
3884,queentee127
3885,quentinwembley
3886,questnevythng
3887,Quetee620
3888,quetzalako
3889,QuietRiot__
3890,quietriot_girl
3891,R0B_TURNER
3892,R2RInt
3893,R2UK
3894,Rabbit910
3895,rabbitwhiskers
3896,rabbleca
3897,rabidkoalabear
3898,RacattackForce
3899,RaceNY
3900,rach0309
3901,RachaelavSmith
3902,rachaelhll
3903,rachelinnesss
3904,rachelmckenziex
3905,rachelsuxx
3906,rachh_curious
3907,rachmagayatri
3908,RachMajor
3909,rachmiadinda
3910,Racing2Day
3911,RadicalONFIRE
3912,RadioCallum
3913,RadioGaga_xx
3914,radiognomeuk
3915,RadioMasti
3916,radosko
3917,rae_echelon
3918,rafikaramli
3919,rahmaaptweww
3920,rahmalam
3921,rahmming
3922,rainajessica
3923,rainie1u
3924,raishafitra
3925,RakabitorHeroE
3926,ramalbesd
3927,RamonDuraes
3928,randombrowngirl
3929,randomdeanna
3930,randyputu
3931,rangerOGA
3932,RanggaOday
3933,ranimaharanini
3934,ranimrr
3935,Ranonie
3936,raphgadelha
3937,raquelbritor
3938,Rarathalia
3939,ratichbachry
3940,Rattycat
3941,ravinshrestha
3942,RawanAlbina
3943,rawker28
3944,RawrItsEmilyy
3945,RawUncutTennis
3946,RayBeckerman
3947,raymondkoning
3948,raymondy101
3949,Raynatambunan
3950,raynelove3
3951,RayRoyBrown
3952,RAYSWAGG5
3953,reactivecoating
3954,Real_Ian_Beale
3955,realbailing
3956,realerin
3957,Realestatesecre
3958,realtormatthew
3959,Reanimatie
3960,reansahilly
3961,rebeecamelo
3962,rebekaaa
3963,recamey
3964,red_adrenalene
3965,red_bull_CANFLY
3966,RedCuts
3967,REDinSOXicated
3968,redragon
3969,RedRangerIvan
3970,redshoegirl
3971,RedStateRyan
3972,reese23
3973,reezun
3974,regatta1
3975,ReggaeSophie
3976,reginald_mm
3977,reginazetya
3978,RegNom
3979,Regoog_dotcom
3980,Reid_Wilson
3981,reidcimala
3982,ReihhFujiwara
3983,reinzsinjoy
3984,reiselton
3985,Rejanebf
3986,reketa
3987,rekso
3988,RelativeFitness
3989,RelevantNewsNow
3990,Remy_Ella
3991,RenateRichters
3992,RendraBayu
3993,rendywp
3994,ReneeBarnow
3995,ReneeTrzaska
3996,Renegad3100
3997,Renegade1985
3998,RenewableSearch
3999,RennyStones
4000,repetitivo
4001,repmeer_ronald
4002,ReporterAndrew
4003,resalerighttool
4004,Reshveena
4005,ResistNet
4006,RETWEETorDIE
4007,retweetquote
4008,ReutZaro
4009,Rev_Ike
4010,revcamille
4011,RevGoodlove
4012,revhesk
4013,revizion
4014,revnaomi
4015,RexandCarolyn
4016,rgcoding
4017,rgs011
4018,Rheamali
4019,rheamargarette
4020,RhianCahill
4021,rhondariha
4022,RiaaJ03
4023,Rialda1995
4024,RiannaGeorgina
4025,RianneMollart
4026,riauwilly
4027,Ricardohere
4028,RichardBarrow
4029,richardhj
4030,RichardLRobbins
4031,richardmgray
4032,RichieDavis
4033,richthemaster
4034,rickbanas
4035,Rickonia
4036,RickPiz
4037,rickspies
4038,ricktayico
4039,Ricky_70
4040,RickyTree
4041,RiCoHaZe
4042,Riensij
4043,riiaaa25
4044,rijnmond
4045,RillyO2Smoove
4046,RioMukrisyah
4047,Ris_Qi
4048,RisonLasirCross
4049,RitaDLewis
4050,riverscollide
4051,rizalandri
4052,rizalocta
4053,RiZzwaN21
4054,rjhowells
4055,rjrocks96
4056,rkerstens
4057,rkudeshi
4058,rmajd
4059,rmKocak
4060,roayora
4061,Rob_Marshall
4062,ROB267pros
4063,rob2jon
4064,RobbieBonham
4065,RobbieDB
4066,RobbY_pOrN
4067,RobbyWL
4068,robertacles
4069,RobertInCypress
4070,RobertKafka
4071,robertoblake
4072,Robin_Leach
4073,robinkelly1
4074,RobinsonFaria
4075,RobMays
4076,roborobb
4077,RobSp1derp1g
4078,Roche_com
4079,RockinMommi
4080,rocknrollhotel
4081,RocknWitTheBest
4082,Rockon_Demi
4083,RockOurWorldJDB
4084,rocktua
4085,rockwitlili
4086,RockyDee
4087,Rod_PaTTs
4088,rodneycupp
4089,RodrigoKiyo
4090,Roelienxxx
4091,rogantyley
4092,Rogbinyin
4093,rogeriojardim
4094,rohanbopanna
4095,Rokincow
4096,rollergirl007
4097,rolohhhhh2
4098,romantikyu
4099,ronaldorossi
4100,Ronanwalsh
4101,ronineal
4102,RoniPria
4103,RookieKE
4104,rorguru
4105,ros_clarke
4106,RoSadoLipstick
4107,rose_emran
4108,Rosebud_69
4109,RoseRedz
4110,rosewestern
4111,rosiebrett
4112,RosieRetweets
4113,RotateHotIron
4114,Rotoinfo_MLB
4115,rotolo
4116,rovineida
4117,roxie19883
4118,roxybella_manda
4119,royalcrown124
4120,RPattinsonBot
4121,rrzhabehel
4122,rsm2800
4123,rstrunk
4124,rt_serra
4125,rtl4_nieuws
4126,rtrmartin
4127,rubis1966
4128,rubychocolate
4129,RuchikaK_
4130,RudeBwoy_Gyalis
4131,ruforeeeal
4132,rugunachid
4133,ruhilroselee
4134,rummanamanda
4135,RUNMGD
4136,RunSqueezyRun
4137,rurigendhis
4138,rusena
4139,Russ_Readyrock
4140,RuthGaughan
4141,ruthieb13
4142,RVarisza
4143,Ryan_Donk18
4144,ryanelyafouri
4145,Ryanimay
4146,RyanLostinTX
4147,ryanracine
4148,RyanSweigert
4149,ryesenr
4150,Rykamaedytia
4151,S_H_O_D
4152,s0_unlik3otherz
4153,Sabberschnitte
4154,sabrenamartin
4155,SabreRoseTiger
4156,sabrinaaoii
4157,sacramentocrime
4158,saeioul
4159,Safringo
4160,Sahara5Dawn
4161,saifulwebid
4162,SaintStephensBS
4163,saitgeek
4164,SaKura_Kenya
4165,sakurai93
4166,Sallamii
4167,SallyAb
4168,SallySharing
4169,Salmaaaaaaaaaan
4170,SamAandewiel
4171,samara825
4172,Sameemarie
4173,samgray104
4174,samm088
4175,sammadison93
4176,samranwarsi
4177,Samualander
4178,samuppada
4179,SamzLawson
4180,Sanars
4181,sandalmerah
4182,SanderVers
4183,sandtree
4184,Sandy_768
4185,sandypear
4186,SanFranciscoCP
4187,SangeetaHaindl
4188,sanjaykmenon
4189,sanjeevn
4190,sansharma
4191,sanstis
4192,Saraaax
4193,saraflatt
4194,sarahbb1
4195,sarahcpk
4196,saraheeyore
4197,saraherron
4198,sarahhall1218
4199,sarahhsaysso
4200,SarahIsaacs
4201,sarahking99
4202,Sarahmeeow
4203,SarahPr01
4204,sarahpratiwi
4205,sarahsoph
4206,sarahtanner
4207,sarahviafora
4208,sarahvoon
4209,sarahwalters99
4210,sarena_loves_u
4211,SaRennaLee
4212,sariburgess
4213,sarimotty
4214,SaronBreezyBabe
4215,SarrahhRozeX
4216,SaruhhMirj
4217,Sasha_89
4218,Sasha_H
4219,sashii_lol
4220,sassy_ct
4221,sassyjan
4222,SateliteKnitter
4223,satinblack848
4224,satnightfoodies
4225,saurabharora
4226,SaveOurShoes
4227,savingcourtney
4228,SavingwithAmy
4229,savitrianggi
4230,SavoyHasTallent
4231,savvykenya
4232,SavvyKidsofAR
4233,sawakikawasaki
4234,sayQuotes
4235,Saz33na
4236,SazzySaz
4237,SBHBReview
4238,SBHylander
4239,sc_k
4240,ScarletThePug
4241,Schnicka
4242,schreibfieber
4243,SchuylerMJ
4244,SCiipSCiiPiiO
4245,scmonice
4246,scoorey
4247,scotbaston
4248,scotsabroad121
4249,scottbanks
4250,ScottGreenfield
4251,ScottishJuggalo
4252,scotty67
4253,screamiii
4254,Sculptur
4255,scylla019
4256,sdieckhaus
4257,SdotPhillie
4258,sdugas
4259,sdwalsh
4260,sealegsATLANTIC
4261,Seanmarq
4262,seanpajarillo
4263,Seany05
4264,searchxperts
4265,SEBBYWOOD
4266,sectionarticle
4267,SeksyHEE
4268,selalusepty
4269,SelfApproved
4270,SelinaHarrison
4271,selvan_tengy
4272,SemiRock12
4273,sensiblespice
4274,SEOTurboCharger
4275,Serenabena9
4276,Serenanana
4277,sereneezra
4278,serenityadelle
4279,Serenitys_Noise
4280,SerioFromJenni
4281,serrhannie
4282,seseqq
4283,Sesilyagatha
4284,severanced
4285,sex4dating
4286,SexiKilla
4287,Sexyvirgo22
4288,SFEddo
4289,SGLATeam
4290,Sgochsmann
4291,sgrox
4292,sh1vani
4293,shackle_me
4294,Shady0ooo
4295,shaed41229
4296,shafameisan
4297,shaien007
4298,shaira0102
4299,shajip
4300,shakita45
4301,shallowgirl09
4302,Shallweknit
4303,shamirapaz
4304,shammichaudhari
4305,Shane_McKenna
4306,ShangysBeer
4307,shaniaja
4308,shankarbali1
4309,ShannRenee
4310,shanti_xo
4311,sharonknowles
4312,Shatterbound
4313,shaun2013
4314,shawnerzz22
4315,ShawnieceQB
4316,Shawnte
4317,shaynneloves
4318,ShayOlivarria
4319,SheerPerfecti0n
4320,Shefali_23
4321,sheikha75
4322,shelbylouise
4323,ShellTerrell
4324,sheptinstall
4325,sherancares
4326,SherifSharkawy
4327,sherly_anton
4328,sherlyselvia
4329,sherritabor
4330,sherroddine
4331,Sherwinn_
4332,sheryl_gian
4333,ShesHAITIAN
4334,shetalkswetype
4335,SHEYET
4336,Shharah
4337,shhhnayyy
4338,shikanata
4339,shimishah
4340,ShiMusik
4341,shindystephanie
4342,ShineMeDown
4343,Shinobidan
4344,ShipsofSong
4345,shittasshi
4346,Shivvs_xo
4347,shlam69722
4348,ShNazimSaltanat
4349,shoneypops
4350,shoppingbop
4351,ShoppingGuide81
4352,Shore250
4353,shorty87aka
4354,ShotByASavage
4355,showbizsandbox
4356,Shpatie
4357,ShrJawYa
4358,ShRkntMDK
4359,shrkoox
4360,shuci93_0202
4361,shuk57
4362,shurmanator
4363,shwetagk
4364,si_tami
4365,siaviel
4366,sicem7
4367,Sideshow_Bob00
4368,sidonaldson
4369,siencody
4370,signedmissyoung
4371,SilkRoadCar
4372,silnicole
4373,silver_michael
4374,simba31
4375,Simfany
4376,simiansuter
4377,Simon05777
4378,SimoneGS_JB
4379,simonindelicate
4380,simonpartridge
4381,SimonSezThis
4382,SimonVigarfan32
4383,SimplisticStyl
4384,Simply_Bhangra
4385,Simply_Frani
4386,SimplyStatedDsn
4387,Sinerteq_News
4388,singraham
4389,SiobhanEnglish
4390,sivasothi
4391,six_two
4392,sixthbane
4393,siyi0215
4394,sizega
4395,sjfabulous11
4396,sjoerddebruin
4397,sjohnson09
4398,skeetswrites
4399,SKing49
4400,skipfrombk
4401,skitzoman
4402,SkyLync
4403,SkyPope
4404,skywardlimits
4405,slacker2012
4406,slaubr
4407,SleepNumberSara
4408,SLovesJB7
4409,Smart_Fairy
4410,smartbunny
4411,SmartDeals4You
4412,smartiecat
4413,SmartysWorld
4414,SMCAB
4415,smellyoulaterrr
4416,SMercedesW
4417,SmileyWithMiley
4418,smillzB
4419,smnthlm
4420,smokingpig17
4421,SMOsocialmedia
4422,smsyellowpages
4423,sn0rkell
4424,snbenedix
4425,snorris32
4426,Snow81
4427,Snowbasin_WX
4428,snydez
4429,soccerlive10
4430,social_m_n
4431,socialepicurean
4432,SOCIALWEBPR
4433,SolarFactory
4434,soldiersd2
4435,SOLEMAG
4436,soloSerina
4437,somaticaddict
4438,SomonaAmisano
4439,songstressSL
4440,songwritergirl5
4441,sonny_putera
4442,SooyoungFacts
4443,Soozi13
4444,sop497
4445,SophiaStrange
4446,Sophysticated_d
4447,SoRel11
4448,soshizzzle
4449,Soso_Oo
4450,sosolidsir
4451,sound_deals
4452,SouthBeach_MIA
4453,SouthernGoonete
4454,southportlush
4455,sp8nn
4456,SPaanhanger
4457,spaceflight
4458,SpalBuraka
4459,spankers
4460,SparkPeople
4461,speakerwiggin
4462,Spectrum_Ent
4463,Spectrumlady
4464,spiceman11
4465,spiderqr
4466,spinninsydney
4467,spinnymelinda
4468,Spitfirekel
4469,Splend
4470,Splinteredones
4471,splunge999
4472,spongemina07
4473,SportingDude
4474,sportingtech
4475,sportschamps
4476,sportskaori
4477,SpOrtsoBjective
4478,sportspsycho
4479,spoxdj
4480,springlabs
4481,squeaky2clean
4482,squeezeomatic
4483,sravanpvsr
4484,SRChevySmyrna
4485,sricher
4486,SRosenCredit
4487,sshazmcg
4488,sshintaa
4489,sslopes
4490,sssshane
4491,sssssssim
4492,staceeyadam
4493,stacybarton
4494,standardsport
4495,StanleyFit
4496,stanleyji
4497,StanZaske
4498,StAPresident
4499,starburst_baby
4500,StarkBerry
4501,starmometerblog
4502,startaheart
4503,starveyourbin
4504,State_Illinois
4505,steashaz
4506,SteelersReport
4507,stefangelia
4508,steinhardt
4509,stellia321
4510,StepFurther
4511,steph_was_here
4512,Steph0188
4513,stephani2004
4514,stephanyaa
4515,stephanyemmett
4516,stephfarnsworth
4517,StephieMe8580
4518,stephnd
4519,Steve_Leach
4520,steve772
4521,SteveBodnar
4522,stevedavis1
4523,stevenaspence
4524,StevenBrooks44
4525,stevencooperdj
4526,StevenDHill4102
4527,stevenguymcdade
4528,Stevenn2893
4529,stevetheblack
4530,stevevfoster
4531,stevieelcho
4532,StevieGrules
4533,Stewietunes
4534,stezirondi
4535,stjoeTwit
4536,stjulia
4537,stlsmr
4538,StockTraderKay
4539,Stocktrades
4540,STOPOBAMA2012
4541,strangedominion
4542,stratfordsj
4543,streetambitionz
4544,StreetstyleNews
4545,stricktier
4546,StuBlackburn
4547,StuckUn
4548,StudentOfStyle
4549,stuthedj
4550,stvestilesordie
4551,stvhernandez
4552,StyledOrganized
4553,StyleWeekly
4554,su_yin
4555,SubodhChawla
4556,suejinan
4557,sugarmouseshop
4558,SugarShelleZ1
4559,sugawp
4560,suitemusic
4561,Sulekha_News
4562,sumaya
4563,Sumera_B
4564,SummitSimsbury
4565,sundayblossoms
4566,Sunflowertrae
4567,sunobsulod
4568,SunSentinel
4569,supanovaesq
4570,SuPaStaRMuRRaY
4571,super_incheco
4572,superfoxcait
4573,superlivy29
4574,supermueller39
4575,supermum22
4576,SuperNiceGirlSZ
4577,SuperRegina
4578,SuperStarr_MIKE
4579,supertako
4580,surrbhii
4581,susanbunny
4582,SusanElkinJourn
4583,susankmann
4584,susanlynncope
4585,sushiewushie
4586,sutefaniidesu
4587,Sutherngurl_87
4588,SutraLite
4589,SuzieAddish
4590,SuzRoge86
4591,suzwatkins
4592,svenskablogg
4593,SWAGGMAG
4594,sweet_arrogance
4595,sweet_opium
4596,SweetGASunshine
4597,SweetieBerry
4598,sweetpeasimluv
4599,swimmer_63
4600,swishsue
4601,Swom_Network
4602,sxswtweet
4603,syadzwinaht
4604,syafeeq1212
4605,Syahnazmr
4606,SyazaNurazhira
4607,Syd21
4608,SydneyChesser
4609,Synline
4610,T_dotcom
4611,t_nunn12
4612,t3nnisgal
4613,T9A14Z17
4614,ta_x3
4615,taahfreitas
4616,tabreham
4617,Taffeman
4618,takeawonder
4619,talitinhaabreu
4620,talktothebirdy
4621,talkystory
4622,tambo41
4623,tami2fab
4624,tamiquethomas
4625,Tammymof
4626,tammyrocksocks
4627,TammyYIP
4628,TamsynTweetie
4629,tamtastiiic
4630,tanashar
4631,taniadwy
4632,Taniarawrr
4633,taniasari
4634,TankingTheTweet
4635,TanNuyen
4636,tanyajreynolds
4637,tarastanford
4638,TarikisDope
4639,tariturner
4640,tashny
4641,TasiaeNwhY
4642,TaskRabbitBOS
4643,TasteMyToffee
4644,tasyaaaaw
4645,tasyamada
4646,TaTaDitaDita
4647,tatetheband
4648,Tatizappa
4649,tatyoliveir
4650,Taxonomy
4651,tayeac
4652,Taylaa__xx
4653,taylorfilorimo
4654,taz96st
4655,TByella
4656,TCADW
4657,TCaraTierrai
4658,tcflorida
4659,tcfmatt
4660,Tclevelz
4661,TCMooney
4662,tcooper4653
4663,TD973
4664,TDMickey
4665,TeamBieberrx
4666,teamdilligaf_x
4667,TeamDisney0
4668,TeamHondaLPC
4669,TeamJosephJonas
4670,TeamK2Jonas
4671,TeamOUTofSIGHT
4672,teasertrailer
4673,TechniqueNews24
4674,teddyruks
4675,tedeytan
4676,Tekdiff
4677,Temica622
4678,tempyjo
4679,tenkchu
4680,teresak610
4681,TerranceEugene
4682,TerrenetMedia
4683,TerryPender
4684,teti_oliveira
4685,Tevatron
4686,tgamble71
4687,TGP73
4688,Th3PinkRabbit
4689,thaiscolares
4690,Thando_Valery
4691,tharina
4692,tharrannisa
4693,THAT_BIHH
4694,thatcheekybabby
4695,thatfergirl
4696,Thatgirlpoppy
4697,THATGUYREEK
4698,Thats_me_Fancy
4699,ThatsHIMofficer
4700,thBreakingPoint
4701,ThCounterAttack
4702,the_biebercity
4703,The_Cricketers
4704,THE_Exquisite22
4705,The_Foxish
4706,The_Logo_Dude
4707,The_Miggs
4708,the_popester
4709,THE_REAL_JEN_C
4710,the1onlytnt
4711,the31special
4712,The60ftOctopus
4713,theappleofmyeye
4714,TheArsesMouth
4715,TheBeanMachine1
4716,TheBeatGuuurl
4717,TheBeatOfMJ
4718,TheBiatches
4719,thebikelane
4720,thebramblemen
4721,TheCaseyFritz
4722,TheColorKayla
4723,TheCoOp420
4724,theCyn2yourCity
4725,TheDarkGlove
4726,thedementor
4727,thedesigner4you
4728,thedifference88
4729,TheDigitelRSS
4730,thedoc1461
4731,TheDollSays
4732,TheDreamExpert
4733,theealex
4734,theeJAISTER
4735,theerkj
4736,TheFatLossBoss
4737,TheFeckinWit
4738,thefilmqueen
4739,TheFlameRunner
4740,thegadgetdude
4741,thegentleman288
4742,theglamstar
4743,TheGlovzDeano
4744,TheGolfSchool
4745,TheGreatMcGinty
4746,TheHeist09
4747,TheHeyz
4748,theiof
4749,TheioMaddix
4750,thekrispowell
4751,TheLesserThings
4752,thelifeofrichie
4753,thelonelyrobot
4754,theLoveLogic_2
4755,themarais
4756,TheMaryCarter
4757,thembones_
4758,themeyecandys
4759,themmrs
4760,TheMortalPoet
4761,thenextstar2
4762,theobieber
4763,theoelliott
4764,theofficialswag
4765,theolavalencia
4766,theonllingames
4767,TheOnly_JL
4768,theonlycolors
4769,thepagepounder
4770,thepanda
4771,thepigeonpost
4772,thepioneerwoman
4773,ThePromoterTv
4774,TheRameyAgency
4775,TheRandallMoore
4776,TheReal_IceCold
4777,therealdarkboi
4778,TheRealDimillio
4779,TheRealKami
4780,therealmcmilton
4781,thereecindy
4782,TheRepublic_Fun
4783,theresesanders
4784,TheRiseOfTroy
4785,therja
4786,THermano
4787,TheSarwoAjie
4788,thesnobreviews
4789,TheSwaggerJack
4790,TheTechGang
4791,thethickofit
4792,thewhether
4793,thewinesleuth
4794,theworldawakes
4795,thewrongalice
4796,Thiefree
4797,thiemeg
4798,thijs
4799,ThingsJackSays
4800,ThirteenNY
4801,ThisIsCorey
4802,ThisIsRio
4803,ThobelaniS
4804,thocoly
4805,Thomas_Lyndt
4806,thomasoldham
4807,ThomHetheringto
4808,Thraceadams
4809,thuis
4810,tHUNdERANNE
4811,tiaangelle19
4812,Tiana2Haute
4813,Tiarikadews
4814,tiboll
4815,tickets_popcorn
4816,TickleDaPickle
4817,ticklemehaley
4818,tidomobius
4819,tidosmar
4820,TiffaniTill
4821,tiffanycraven
4822,TiffanyWI
4823,TiffWhiteATL
4824,Tiffyxox
4825,tifusway
4826,Tiggy4Real
4827,tikitropicana
4828,Tim_Mitchell
4829,tim_swan
4830,timalive
4831,timdifford
4832,timgraham10
4833,timhyland
4834,TimUrbans_Smile
4835,Tina_Loves_yew
4836,TinaBina11
4837,tinalovell
4838,tincj
4839,tinmones
4840,tipsbladet
4841,Tired_Terry
4842,titanbball
4843,titorokt37MD
4844,tjk1964
4845,TJSonOfAnder
4846,tjuan
4847,TM_Talent
4848,TMFproject
4849,TMic_Iz_Da_Shit
4850,tmvanharmelen
4851,TnT_OnMyMind
4852,tobiagaluppo
4853,toesinthesand22
4854,ToffeeYang
4855,toi
4856,toinetteuy
4857,toldbygingerr
4858,tom_apple
4859,TomCBallard
4860,TomnTom
4861,Tomo_Potter
4862,tomo359
4863,TomsNips
4864,TomsRiverTV
4865,tonnet
4866,tonyafit
4867,tonybarsilva
4868,TonyComstock
4869,TonyDeFranco
4870,tonydiamondo
4871,tonygogodaddy
4872,TonyMatchem
4873,Top_F_Light
4874,top_knicks238
4875,topebookreader
4876,topgeargirl2
4877,Topgearskin
4878,tori_love
4879,toritaylor
4880,TossenOverGoofs
4881,tourfrederickmd
4882,tousledkitten
4883,toxicadiva
4884,TraceyMcCain
4885,Tracy198227
4886,tracysface
4887,Train2Freedom
4888,travelbully
4889,traviswinter
4890,travoloso
4891,treeenahh
4892,trem2303
4893,TrentMcKenzie
4894,trentonlee
4895,trentripper
4896,trevoramueller
4897,treZcia
4898,tricey2nasty
4899,Triniblessings
4900,trisna_puspita
4901,TristenLaw
4902,TRON_Lord
4903,Troyb333
4904,TruE11
4905,TrueBerkoh
4906,Truosity
4907,truthsintheword
4908,TryForTri
4909,tstewartluvr14
4910,tsuei
4911,Tsura_Hyun
4912,tsurara
4913,TUB_Damian
4914,tubefeeds
4915,tuftman
4916,tumiphorosi
4917,TunerTools
4918,turningbacktime
4919,tutuba007
4920,tuusays
4921,tv3malaysia
4922,TVINorthAmerica
4923,tweetberlin
4924,tweetmeduck
4925,TweetsBelieber
4926,tweetyloop
4927,Tweitrbee
4928,Twenty4thEleven
4929,TweShop
4930,twilightsaga345
4931,twirus_nl
4932,twista202
4933,twit_new
4934,twittlight
4935,twittsted
4936,twittwrcha
4937,TWKH
4938,Twoeloe
4939,twofootedtackle
4940,TwoPeasandPod
4941,Ty_Ty1178
4942,tylerbarrett12
4943,tylerduke
4944,tylergageholt
4945,TypeMafia
4946,typicalweerdo
4947,TYPO3_INFORMER
4948,TysonHphoto
4949,u_ezimah
4950,uberblond
4951,UbuntuChanges
4952,udauki
4953,udll
4954,ufahari
4955,ufandes
4956,UFC_Updates
4957,ufowitness2007
4958,ujinchristina
4959,uk_marco
4960,uk3578
4961,ukanthonyjones
4962,ukcomps
4963,ukemav
4964,UKJonasBros
4965,ukmobilephone
4966,ukworldnews
4967,ul33
4968,ulojuntak
4969,UltraDeals101
4970,ultragrrl
4971,UmarHapsoro
4972,UnBeatAbleLaDy
4973,unclefarkus
4974,Uncucumbered
4975,underoak
4976,undoubtedly25
4977,UniqLy81
4978,universalloaz
4979,universalsports
4980,UnleashTheFury
4981,unleonenestereo
4982,Unlimitedearnig
4983,UnSlaveMe
4984,UP_chicago_RSS
4985,upscalediva803
4986,upschuck
4987,UpshawS
4988,UqiSylune
4989,UrSweetstDrug
4990,UsefulArts
4991,uselessdotcom
4992,usmcsupporter
4993,Uspazn
4994,USRealityCheck
4995,UtahNewsZone
4996,uti1
4997,UticaNY
4998,UToRead
4999,UWHuskyCrew
5000,vadderi
5001,valboa
5002,valthonis
5003,vampbaby2
5004,vanaiz
5005,vance253
5006,Vancouver_Metro
5007,vandueren
5008,Vanessa_Milano
5009,vanessaaasays
5010,VanessaKellyAut
5011,vanieeeeeee
5012,VanilaCindarela
5013,VanillaRogan
5014,vasikall46
5015,Vee_Camargo
5016,VenusCastle
5017,venusrec
5018,veraciously
5019,veramalindavera
5020,verden
5021,verybusymama
5022,ViaSweet16
5023,vicarsyf
5024,Vicious_Z
5025,vicky_ego
5026,vickyhoppe
5027,victorliew
5028,victorward
5029,vijay_nair
5030,vikashnarain
5031,vikel
5032,vikToR_89
5033,VillaSuites
5034,vinaykashy
5035,viniciusharley
5036,vinisdoog
5037,Vinnnny512
5038,vintagecameras1
5039,vinzeotten
5040,ViolentlySweetB
5041,violenziaj
5042,violetultracore
5043,vioviolin
5044,vioyoyo
5045,Viria26
5046,VirtualMedical
5047,virtuenotes
5048,vitae_essentia
5049,vitaminDes
5050,viva_laGLAMx3
5051,vivaglammed
5052,VivianKyong
5053,vixlew
5054,vjoa
5055,vlk_10
5056,VNNForum
5057,vocalbeing
5058,voicessayimfine
5059,VoiceTalentJobs
5060,Vonn_D
5061,Vonny_Bby
5062,vorhaus
5063,voutecomerde4
5064,VSTARSECURITY
5065,vugbon
5066,vvvCARLAvvv
5067,VyniciusAdorno
5068,wahyupuspita
5069,waldelefant
5070,walkersCafe
5071,WallStPostGame
5072,wallyshungry
5073,WaltonDanielle6
5074,waltw
5075,waltydunlop
5076,wandaaGNSH
5077,wandacarter
5078,wannabrewju
5079,Warin
5080,WaringstownCC
5081,warriormamma
5082,washingtondiego
5083,WasiZada
5084,wasmitbuechern
5085,WatZenoSayzGoes
5086,wayjay83
5087,Wayland_Wench
5088,WaYnE_A_P
5089,WayneKerrSays
5090,WayneyBInOz
5091,WaysofRays
5092,wdabee
5093,WdHealth
5094,wdisneysecrets
5095,WdScientific
5096,WebairMike
5097,WeBelongToCyrus
5098,WeblogDotCom
5099,webs016
5100,WeddingPulse
5101,weddingtips10
5102,Wedge
5103,WedgeEC
5104,weecoco
5105,WeePeiyi
5106,wegettinmcmoney
5107,WeirdMeta
5108,WellardFan
5109,weloveCColfer
5110,weLoveUfunk
5111,welsh_hippie
5112,WendiDarlin
5113,wendy_gee
5114,wendyflybubu
5115,wendyrawley
5116,weneee
5117,WeniAmeliaG
5118,Wensday_Sanders
5119,werdnahunt
5120,werunintuit
5121,weskawestern
5122,wesleyshoes
5123,wgelwick
5124,WhatsOnAbuDhabi
5125,wheira
5126,WhereRtheJobs
5127,whispermuzik
5128,WHITCharm
5129,White_Ox
5130,WhiteLilyJewel
5131,WhitneyE
5132,WhoisLouisMusik
5133,WhySoCrappy
5134,widdershins_cat
5135,Wifey2Pookz
5136,wiffleballhero
5137,WildaDesia
5138,Wildbloodward
5139,willblackmon27
5140,willfoxy
5141,Willhoi
5142,willijst
5143,willisteam
5144,willowbeehive
5145,willowsky
5146,WILLP0WER5
5147,willygedoi
5148,winahyuanggoro
5149,Windsor_Village
5150,windwatchorg
5151,wink_chu
5152,winniebravo
5153,winnieramona
5154,Wino_n
5155,winter_tears
5156,WisegirlChris
5157,witchypam
5158,wizard_paradox
5159,wnabcreative
5160,wochenschau
5161,WolfsonLiterary
5162,wolkenkrabber
5163,wonniepeo
5164,woodsontuba
5165,woosao
5166,wooze66
5167,worcesternews
5168,WordCampDetroit
5169,wordcamphtx
5170,worldofjr
5171,wowxdannixx
5172,wozz90
5173,WPToner
5174,WriterJobsLA
5175,WritersQuotes
5176,wstein
5177,wtse
5178,wufanwf
5179,Wulan_Rani
5180,WWEAshleyXRandy
5181,WWiDylan
5182,wxTHUNDERBAY
5183,wxWINNIPEG
5184,wyndi
5185,x_fei
5186,X0oTori
5187,x0x0Haley
5188,xallanxx
5189,Xander_P
5190,xavierthiriaux
5191,XEHO
5192,xeniaphotos
5193,xenon21
5194,Xetijelut
5195,XFactorHQ
5196,xfran_ejg
5197,Xial
5198,xjacylynx
5199,xjadorejuicyx
5200,XJbiebergrlX
5201,xKylieBabiex
5202,xmicabelax
5203,xMikaelaMorganx
5204,XnaomiX1
5205,xokisha
5206,xonoellexo
5207,xowoahhitskatie
5208,xoxlilmama
5209,xoxoivan
5210,xSimoon
5211,XtheXlanternX
5212,XtianHawk
5213,XtinaBlizabeth
5214,xtraga
5215,XupaKbra
5216,XxcLuSiveL
5217,xxlargest
5218,xXZipsterXx
5219,Y0SHIHARA
5220,y222
5221,YaelVale
5222,yannilopez
5223,yanochik
5224,yantinggggg
5225,yauhui
5226,YazminGabel
5227,ycjaquez
5228,ydhaes
5229,yekohs
5230,yenyakung
5231,yesthatbusi
5232,yezzer
5233,Yikes_Jayleessa
5234,YingJieC
5235,yiongpeilin
5236,yJanitoRrr
5237,YK12
5238,yogaformind
5239,yogatamaa
5240,yolaanov
5241,yoloneci88021
5242,yomike
5243,yonasu
5244,YoramH
5245,YorkshireSponge
5246,YossiAnyoz
5247,yossyarimbi
5248,yosuaPS
5249,Young_PinUp
5250,YoungDoglaaBoyy
5251,youngermitsu
5252,yrreid
5253,ysanipawitra
5254,YSL_Charis
5255,YssaSaidJB
5256,yudithiavf
5257,yuki_0323
5258,yuki_no_hana
5259,yunamusic
5260,Yung_MaRiQanO
5261,yungferd
5262,YvettaTB
5263,Zacsakiller
5264,zagiizagiiza
5265,ZAGrrl
5266,ZahraBoef
5267,ZALYX
5268,zandcsmom68
5269,zasaria
5270,zeebe
5271,zeeLuvxyz
5272,ZeeniJonas
5273,ZekeJean
5274,zelmarl
5275,zestyzhane
5276,zhantti
5277,ZhenZhen09
5278,ziaawan1
5279,zoehaddow
5280,Zoejy
5281,zoezoezoee
5282,ZOISWORLD
5283,ZooeyCarter
5284,zulimarjulieta
5285,ZZ_Troutski
